rank,name,owner,description,language,stars,stars_since,forks,topics,url,crawl_time,since,page
1,Lum1104/Understand-Anything,Lum1104,"Graphs that teach > graphs that impress. Turn any code into an interactive knowledge graph you can explore, search, and ask questions about. Works with Claude Code, Codex, Cursor, Copilot, Gemini CLI, and more.",TypeScript,29064,3999,2430,,https://github.com/Lum1104/Understand-Anything,2026-05-25T11:35:24.637846+00:00,daily,all
2,anthropics/knowledge-work-plugins,anthropics,Open source repository of plugins primarily intended for knowledge workers to use in Claude Cowork,Python,14565,550,1790,,https://github.com/anthropics/knowledge-work-plugins,2026-05-25T11:35:24.638702+00:00,daily,all
3,rohitg00/ai-engineering-from-scratch,rohitg00,Learn it. Build it. Ship it for others.,Python,17708,1853,3028,,https://github.com/rohitg00/ai-engineering-from-scratch,2026-05-25T11:35:24.639662+00:00,daily,all
4,affaan-m/ECC,affaan-m,"The agent harness performance optimization system. Skills, instincts, memory, security, and research-first development for Claude Code, Codex, Opencode, Cursor and beyond.",JavaScript,191607,2052,29664,,https://github.com/affaan-m/ECC,2026-05-25T11:35:24.640476+00:00,daily,all
5,mukul975/Anthropic-Cybersecurity-Skills,mukul975,"754 structured cybersecurity skills for AI agents · Mapped to 5 frameworks: MITRE ATT&CK, NIST CSF 2.0, MITRE ATLAS, D3FEND & NIST AI RMF · agentskills.io standard · Works with Claude Code, GitHub Copilot, Codex CLI, Cursor, Gemini CLI & 20+ platforms · 26 security domains · Apache 2.0",Python,8805,930,1090,,https://github.com/mukul975/Anthropic-Cybersecurity-Skills,2026-05-25T11:35:24.641248+00:00,daily,all
6,colbymchenry/codegraph,colbymchenry,"Pre-indexed code knowledge graph for Claude Code, Codex, Cursor, OpenCode, and Hermes Agent — fewer tokens, fewer tool calls, 100% local",TypeScript,23986,3003,1317,,https://github.com/colbymchenry/codegraph,2026-05-25T11:35:24.641953+00:00,daily,all
7,manaflow-ai/cmux,manaflow-ai,Ghostty-based macOS terminal with vertical tabs and notifications for AI coding agents,Swift,19282,696,1461,,https://github.com/manaflow-ai/cmux,2026-05-25T11:35:24.642831+00:00,daily,all
8,multica-ai/andrej-karpathy-skills,multica-ai,"A single CLAUDE.md file to improve Claude Code behavior, derived from Andrej Karpathy's observations on LLM coding pitfalls.",,153448,2551,15723,,https://github.com/multica-ai/andrej-karpathy-skills,2026-05-25T11:35:24.643560+00:00,daily,all
9,Fincept-Corporation/FinceptTerminal,Fincept-Corporation,"FinceptTerminal is a modern finance application offering advanced market analytics, investment research, and economic data tools, designed for interactive exploration and data-driven decision-making in a user-friendly environment.",Python,23631,462,3263,,https://github.com/Fincept-Corporation/FinceptTerminal,2026-05-25T11:35:24.644373+00:00,daily,all
10,paperless-ngx/paperless-ngx,paperless-ngx,"A community-supported supercharged document management system: scan, index and archive all your documents",Python,41111,151,2728,,https://github.com/paperless-ngx/paperless-ngx,2026-05-25T11:35:24.645378+00:00,daily,all
11,anthropics/claude-cookbooks,anthropics,A collection of notebooks/recipes showcasing some fun and effective ways of using Claude.,Jupyter Notebook,43821,108,5031,,https://github.com/anthropics/claude-cookbooks,2026-05-25T11:35:24.646248+00:00,daily,all
12,Leonxlnx/taste-skill,Leonxlnx,"Taste-Skill - gives your AI good taste. stops the AI from generating boring, generic slop",Shell,19099,188,1630,,https://github.com/Leonxlnx/taste-skill,2026-05-25T11:35:24.647187+00:00,daily,all
13,moeru-ai/airi,moeru-ai,"💖🧸 Self hosted, you-owned Grok Companion, a container of souls of waifu, cyber livings to bring them into our worlds, wishing to achieve Neuro-sama's altitude. Capable of realtime voice chat, Minecraft, Factorio playing. Web / macOS / Windows supported.",TypeScript,39546,32,4015,,https://github.com/moeru-ai/airi,2026-05-25T11:35:24.647976+00:00,daily,all
14,shiyu-coder/Kronos,shiyu-coder,Kronos: A Foundation Model for the Language of Financial Markets,Python,25915,106,4506,,https://github.com/shiyu-coder/Kronos,2026-05-25T11:35:24.648770+00:00,daily,all
15,Axorax/awesome-free-apps,Axorax,Curated list of the best free apps for PC and mobile,JavaScript,4151,141,218,,https://github.com/Axorax/awesome-free-apps,2026-05-25T11:35:24.649634+00:00,daily,all
16,hardikpandya/stop-slop,hardikpandya,A skill file for removing AI tells from prose,,4136,353,367,,https://github.com/hardikpandya/stop-slop,2026-05-25T11:35:24.650526+00:00,daily,all
17,garrytan/gstack,garrytan,"Use Garry Tan's exact Claude Code setup: 23 opinionated tools that serve as CEO, Designer, Eng Manager, Release Manager, Doc Engineer, and QA",TypeScript,102005,600,15227,,https://github.com/garrytan/gstack,2026-05-25T11:35:24.651482+00:00,daily,all
7,microsoft/agent-governance-toolkit,microsoft,"AI Agent Governance Toolkit — Policy enforcement, zero-trust identity, execution sandboxing, and reliability engineering for autonomous AI agents. Covers 10/10 OWASP Agentic Top 10.",Python,2085,198,373,,https://github.com/microsoft/agent-governance-toolkit,2026-05-25T11:35:27.861211+00:00,daily,python
8,st-tech/ppf-contact-solver,st-tech,"A contact solver for physics-based simulations involving 👚 shells, 🪵 solids and 🪢 rods.",Python,3071,505,213,,https://github.com/st-tech/ppf-contact-solver,2026-05-25T11:35:27.862631+00:00,daily,python
9,sansan0/TrendRadar,sansan0,"⭐AI-driven public opinion & trend monitor with multi-platform aggregation, RSS, and smart alerts.🎯 告别信息过载，你的 AI 舆情监控助手与热点筛选工具！聚合多平台热点 + RSS 订阅，支持关键词精准筛选。AI 智能筛选新闻 + AI 翻译 + AI 分析简报直推手机，也支持接入 MCP 架构，赋能 AI 自然语言对话分析、情感洞察与趋势预测等。支持 Docker ，数据本地/云端自持。集成微信/飞书/钉钉/Telegram/邮件/ntfy/bark/slack 等渠道智能推送。",Python,58220,136,24405,,https://github.com/sansan0/TrendRadar,2026-05-25T11:35:27.864044+00:00,daily,python
10,666ghj/MiroFish,666ghj,"A Simple and Universal Swarm Intelligence Engine, Predicting Anything. 简洁通用的群体智能引擎，预测万物",Python,62442,197,9753,,https://github.com/666ghj/MiroFish,2026-05-25T11:35:27.864989+00:00,daily,python
11,Datalux/Osintgram,Datalux,Osintgram is a OSINT tool on Instagram. It offers an interactive shell to perform analysis on Instagram account of any users by its nickname,Python,12896,21,2829,,https://github.com/Datalux/Osintgram,2026-05-25T11:35:27.865788+00:00,daily,python
12,OpenBB-finance/OpenBB,OpenBB-finance,"Financial data platform for analysts, quants and AI agents.",Python,68055,56,6854,,https://github.com/OpenBB-finance/OpenBB,2026-05-25T11:35:27.866547+00:00,daily,python
13,freqtrade/freqtrade-strategies,freqtrade,Free trading strategies for Freqtrade bot,Python,5174,1,1404,,https://github.com/freqtrade/freqtrade-strategies,2026-05-25T11:35:27.867219+00:00,daily,python
14,donnemartin/system-design-primer,donnemartin,Learn how to design large-scale systems. Prep for the system design interview. Includes Anki flashcards.,Python,350208,144,56417,,https://github.com/donnemartin/system-design-primer,2026-05-25T11:35:27.867847+00:00,daily,python
15,yt-dlp/yt-dlp,yt-dlp,A feature-rich command-line audio/video downloader,Python,165504,526,13910,,https://github.com/yt-dlp/yt-dlp,2026-05-25T11:35:27.868609+00:00,daily,python
3,nodejs/node,nodejs,Node.js JavaScript runtime ✨🐢🚀✨,JavaScript,117374,17,35641,,https://github.com/nodejs/node,2026-05-25T11:35:34.655255+00:00,daily,javascript
4,fmhy/edit,fmhy,Make changes to FMHY,JavaScript,9690,64,2557,,https://github.com/fmhy/edit,2026-05-25T11:35:34.656201+00:00,daily,javascript
5,pbakaus/impeccable,pbakaus,The design language that makes your AI harness better at design.,JavaScript,30086,238,1652,,https://github.com/pbakaus/impeccable,2026-05-25T11:35:34.657137+00:00,daily,javascript
6,gorhill/uBlock,gorhill,uBlock Origin - An efficient blocker for Chromium and Firefox. Fast and lean.,JavaScript,64971,53,4131,,https://github.com/gorhill/uBlock,2026-05-25T11:35:34.657992+00:00,daily,javascript
7,jellyfin/jellyfin-web,jellyfin,The Free Software Media System - Official Web Client,JavaScript,3595,7,2012,,https://github.com/jellyfin/jellyfin-web,2026-05-25T11:35:34.658945+00:00,daily,javascript
8,jtenniswood/espcontrol,jtenniswood,Esphome based smart home control panel,JavaScript,419,23,50,,https://github.com/jtenniswood/espcontrol,2026-05-25T11:35:34.659647+00:00,daily,javascript
9,zen-browser/desktop,zen-browser,Welcome to a calmer internet,JavaScript,42196,33,1509,,https://github.com/zen-browser/desktop,2026-05-25T11:35:34.660702+00:00,daily,javascript
10,SillyTavern/SillyTavern,SillyTavern,LLM Frontend for Power Users.,JavaScript,28274,77,5392,,https://github.com/SillyTavern/SillyTavern,2026-05-25T11:35:34.661454+00:00,daily,javascript
11,gildas-lormeau/SingleFile,gildas-lormeau,Web Extension for saving a faithful copy of a complete web page in a single HTML file,JavaScript,21289,55,1336,,https://github.com/gildas-lormeau/SingleFile,2026-05-25T11:35:34.662584+00:00,daily,javascript
12,qist/tvbox,qist,OK影视、tvbox配置文件，如果喜欢，请Fork自用。使用前请仔细阅读仓库说明，一旦使用将被视为你已了解。,JavaScript,9465,16,3460,,https://github.com/qist/tvbox,2026-05-25T11:35:34.663363+00:00,daily,javascript
5,gitroomhq/postiz-app,gitroomhq,📨 The ultimate agentic social media scheduling tool 🤖,TypeScript,30801,96,5652,,https://github.com/gitroomhq/postiz-app,2026-05-25T11:35:42.321304+00:00,daily,typescript
6,tldraw/tldraw,tldraw,very good whiteboard infinite canvas SDK,TypeScript,47355,105,3246,,https://github.com/tldraw/tldraw,2026-05-25T11:35:42.322061+00:00,daily,typescript
7,twentyhq/twenty,twentyhq,"The open alternative to Salesforce, designed for AI.",TypeScript,46374,154,6557,,https://github.com/twentyhq/twenty,2026-05-25T11:35:42.322822+00:00,daily,typescript
8,Adam-CAD/CADAM,Adam-CAD,CADAM is the open source text-to-CAD web application,TypeScript,3582,106,480,,https://github.com/Adam-CAD/CADAM,2026-05-25T11:35:42.323693+00:00,daily,typescript
9,Stirling-Tools/Stirling-PDF,Stirling-Tools,#1 PDF Application on GitHub that lets you edit PDFs on any device anywhere,TypeScript,79446,233,6957,,https://github.com/Stirling-Tools/Stirling-PDF,2026-05-25T11:35:42.324468+00:00,daily,typescript
10,multica-ai/multica,multica-ai,"The open-source managed agents platform. Turn coding agents into real teammates — assign tasks, track progress, compound skills.",TypeScript,32909,585,3937,,https://github.com/multica-ai/multica,2026-05-25T11:35:42.325235+00:00,daily,typescript
11,CodebuffAI/codebuff,CodebuffAI,Generate code from the terminal!,TypeScript,5952,123,709,,https://github.com/CodebuffAI/codebuff,2026-05-25T11:35:42.325922+00:00,daily,typescript
12,presenton/presenton,presenton,"Open-Source AI Presentation Generator and API (Gamma, Beautiful AI, Decktopus Alternative)",TypeScript,6790,522,1153,,https://github.com/presenton/presenton,2026-05-25T11:35:42.326773+00:00,daily,typescript
13,NateBJones-Projects/OB1,NateBJones-Projects,"Open Brain — The infrastructure layer for your thinking. One database, one AI gateway, one chat channel — any AI plugs in. No middleware, no SaaS.",TypeScript,3364,26,638,,https://github.com/NateBJones-Projects/OB1,2026-05-25T11:35:42.327590+00:00,daily,typescript
14,virattt/dexter,virattt,An autonomous agent for deep financial research,TypeScript,26451,229,3256,,https://github.com/virattt/dexter,2026-05-25T11:35:42.328470+00:00,daily,typescript
15,earendil-works/pi,earendil-works,"AI agent toolkit: coding agent CLI, unified LLM API, TUI & web UI libraries, Slack bot, vLLM pods",TypeScript,54325,456,6467,,https://github.com/earendil-works/pi,2026-05-25T11:35:42.329165+00:00,daily,typescript
16,immich-app/immich,immich-app,High performance self-hosted photo and video management solution.,TypeScript,101782,211,5704,,https://github.com/immich-app/immich,2026-05-25T11:35:42.329985+00:00,daily,typescript
1,bevyengine/bevy,bevyengine,A refreshingly simple data-driven game engine built in Rust,Rust,46257,25,4583,,https://github.com/bevyengine/bevy,2026-05-25T11:35:47.538211+00:00,daily,rust
2,nushell/nushell,nushell,A new type of shell,Rust,39568,15,2140,,https://github.com/nushell/nushell,2026-05-25T11:35:47.539326+00:00,daily,rust
3,firecrawl/pdf-inspector,firecrawl,"Fast Rust library for PDF inspection, classification, and text extraction. Intelligently detects scanned vs text-based PDFs to enable smart routing decisions.",Rust,1268,102,120,,https://github.com/firecrawl/pdf-inspector,2026-05-25T11:35:47.540156+00:00,daily,rust
4,openai/codex,openai,Lightweight coding agent that runs in your terminal,Rust,85481,444,12469,,https://github.com/openai/codex,2026-05-25T11:35:47.541166+00:00,daily,rust
5,GraphiteEditor/Graphite,GraphiteEditor,"Community-built comprehensive 2D content creation appplication for graphic design, digital art, and interactive real-time motion graphics powered by a node-based procedural graphics engine",Rust,25890,74,1183,,https://github.com/GraphiteEditor/Graphite,2026-05-25T11:35:47.541979+00:00,daily,rust
6,vercel/turborepo,vercel,"Build system optimized for JavaScript and TypeScript, written in Rust",Rust,30440,8,2348,,https://github.com/vercel/turborepo,2026-05-25T11:35:47.543057+00:00,daily,rust
7,AlexsJones/llmfit,AlexsJones,Hundreds of models & providers. One command to find what runs on your hardware.,Rust,26665,74,1612,,https://github.com/AlexsJones/llmfit,2026-05-25T11:35:47.543830+00:00,daily,rust
8,dani-garcia/vaultwarden,dani-garcia,"Unofficial Bitwarden compatible server written in Rust, formerly known as bitwarden_rs",Rust,61163,123,2843,,https://github.com/dani-garcia/vaultwarden,2026-05-25T11:35:47.545647+00:00,daily,rust
9,katanemo/plano,katanemo,"Plano is an AI-native proxy and data plane for agentic apps — with built-in orchestration, safety, observability, and smart LLM routing so you stay focused on your agents core logic.",Rust,6533,19,422,,https://github.com/katanemo/plano,2026-05-25T11:35:47.546423+00:00,daily,rust
10,zellij-org/zellij,zellij-org,A terminal workspace with batteries included,Rust,32993,59,1224,,https://github.com/zellij-org/zellij,2026-05-25T11:35:47.547137+00:00,daily,rust
11,Zackriya-Solutions/meetily,Zackriya-Solutions,"Privacy first, AI meeting assistant with 4x faster Parakeet/Whisper live transcription, speaker diarization, and Ollama summarization built on Rust. 100% local processing. no cloud required. Meetily (Meetly Ai -",Rust,12310,52,1245,,https://github.com/Zackriya-Solutions/meetily,2026-05-25T11:35:47.547813+00:00,daily,rust
12,nearai/ironclaw,nearai,"IronClaw is an Agent OS focused on privacy, security and extensibility",Rust,12338,9,1439,,https://github.com/nearai/ironclaw,2026-05-25T11:35:47.548813+00:00,daily,rust
13,apache/datafusion,apache,Apache DataFusion SQL Query Engine,Rust,8800,6,2124,,https://github.com/apache/datafusion,2026-05-25T11:35:47.549551+00:00,daily,rust
14,grpc/grpc-rust,grpc,A native gRPC client & server implementation with async/await support.,Rust,12134,20,1211,,https://github.com/grpc/grpc-rust,2026-05-25T11:35:47.552387+00:00,daily,rust
15,uutils/coreutils,uutils,Cross-platform Rust rewrite of the GNU coreutils,Rust,23283,7,1868,,https://github.com/uutils/coreutils,2026-05-25T11:35:47.553258+00:00,daily,rust
1,BenedictKing/ccx,BenedictKing,Claude / Codex / Gemini API Proxy - CCX,Go,1790,142,147,,https://github.com/BenedictKing/ccx,2026-05-25T11:35:53.858566+00:00,daily,go
2,photoprism/photoprism,photoprism,AI-Powered Photos App for the Decentralized Web 🌈💎✨,Go,39688,10,2277,,https://github.com/photoprism/photoprism,2026-05-25T11:35:53.859783+00:00,daily,go
3,masterking32/MasterDnsVPN,masterking32,"Advanced DNS tunneling VPN for censorship bypass, optimized beyond DNSTT and SlipStream with low-overhead ARQ, resolver load balancing, high packet-loss stability and speed.",Go,4139,112,429,,https://github.com/masterking32/MasterDnsVPN,2026-05-25T11:35:53.861233+00:00,daily,go
4,crowdsecurity/crowdsec,crowdsecurity,CrowdSec - the open-source and participative security solution offering crowdsourced protection against malicious IPs and access to the most advanced real-world CTI.,Go,13555,69,642,,https://github.com/crowdsecurity/crowdsec,2026-05-25T11:35:53.862127+00:00,daily,go
5,MHSanaei/3x-ui,MHSanaei,"Xray panel supporting multi-protocol multi-user expire day & traffic & IP limit (Vmess, Vless, Trojan, ShadowSocks, Wireguard, Hysteria, Tunnel, Mixed, HTTP, Tun)",Go,38121,109,7172,,https://github.com/MHSanaei/3x-ui,2026-05-25T11:35:53.863143+00:00,daily,go
6,AdguardTeam/AdGuardHome,AdguardTeam,Network-wide ads & trackers blocking DNS server,Go,34243,86,2351,,https://github.com/AdguardTeam/AdGuardHome,2026-05-25T11:35:53.864162+00:00,daily,go
7,GhostTroops/scan4all,GhostTroops,"Official repository vuls Scan: 15000+PoCs; 23 kinds of application password crack; 7000+Web fingerprints; 146 protocols and 90000+ rules Port scanning; Fuzz, HW, awesome BugBounty( ͡° ͜ʖ ͡°)...",Go,6067,14,716,,https://github.com/GhostTroops/scan4all,2026-05-25T11:35:53.865037+00:00,daily,go
8,everywall/ladder,everywall,Selfhosted alternative to 12ft.io. and 1ft.io. Proxy to remove CORS headers and modify HTML,Go,7874,38,446,,https://github.com/everywall/ladder,2026-05-25T11:35:53.866876+00:00,daily,go
9,openclaw/gogcli,openclaw,Google Workspace in your terminal.,Go,7539,17,591,,https://github.com/openclaw/gogcli,2026-05-25T11:35:53.867681+00:00,daily,go
10,hashicorp/terraform,hashicorp,"Terraform enables you to safely and predictably create, change, and improve infrastructure. It is a source-available tool that codifies APIs into declarative configuration files that can be shared amongst team members, treated as code, edited, reviewed, and versioned.",Go,48459,12,10346,,https://github.com/hashicorp/terraform,2026-05-25T11:35:53.868443+00:00,daily,go
11,containerd/containerd,containerd,An open and reliable container runtime,Go,20773,10,3938,,https://github.com/containerd/containerd,2026-05-25T11:35:53.869083+00:00,daily,go
12,google/syzkaller,google,syzkaller is an unsupervised coverage-guided kernel fuzzer,Go,6198,3,1416,,https://github.com/google/syzkaller,2026-05-25T11:35:53.869899+00:00,daily,go
13,syncthing/syncthing,syncthing,Open Source Continuous File Synchronization,Go,84464,106,5207,,https://github.com/syncthing/syncthing,2026-05-25T11:35:53.870725+00:00,daily,go
14,gohugoio/hugo,gohugoio,The world’s fastest framework for building websites.,Go,88231,16,8266,,https://github.com/gohugoio/hugo,2026-05-25T11:35:53.871624+00:00,daily,go
1,Anuken/Mindustry,Anuken,The automation tower defense RTS,Java,27661,14,3443,,https://github.com/Anuken/Mindustry,2026-05-25T11:35:57.897203+00:00,daily,java
2,FCL-Team/FoldCraftLauncher,FCL-Team,"Fold Craft Launcher, an Android Minecraft : Java Edition launcher.",Java,3997,9,280,,https://github.com/FCL-Team/FoldCraftLauncher,2026-05-25T11:35:57.898137+00:00,daily,java
3,yuliskov/SmartTube,yuliskov,Browse media content with your own rules on Android TV,Java,30217,21,1617,,https://github.com/yuliskov/SmartTube,2026-05-25T11:35:57.898939+00:00,daily,java
4,MuntashirAkon/AppManager,MuntashirAkon,A full-featured package manager and viewer for Android,Java,8125,32,469,,https://github.com/MuntashirAkon/AppManager,2026-05-25T11:35:57.900157+00:00,daily,java
5,MojoLauncher/MojoLauncher,MojoLauncher,"A Minecraft: Java Edition launcher, based on PojavLauncher",Java,633,9,218,,https://github.com/MojoLauncher/MojoLauncher,2026-05-25T11:35:57.901186+00:00,daily,java
6,Nekogram/Nekogram,Nekogram,Open-source third-party Telegram client with not many but useful modifications.,Java,3631,6,237,,https://github.com/Nekogram/Nekogram,2026-05-25T11:35:57.902035+00:00,daily,java
7,adityatandon15/Low-Level-Design-Course,adityatandon15,All Code of LLD Playlist,Java,879,4,622,,https://github.com/adityatandon15/Low-Level-Design-Course,2026-05-25T11:35:57.902816+00:00,daily,java
8,TeamNewPipe/NewPipe,TeamNewPipe,A libre lightweight streaming front-end for Android.,Java,38328,31,3589,,https://github.com/TeamNewPipe/NewPipe,2026-05-25T11:35:57.903619+00:00,daily,java
9,navinreddy20/Javacode,navinreddy20,,Java,1192,2,868,,https://github.com/navinreddy20/Javacode,2026-05-25T11:35:57.904377+00:00,daily,java
10,Julow/Unexpected-Keyboard,Julow,A lightweight keyboard for Android,Java,3021,3,331,,https://github.com/Julow/Unexpected-Keyboard,2026-05-25T11:35:57.905284+00:00,daily,java
11,MinecraftForge/MinecraftForge,MinecraftForge,Modifications to the Minecraft base files to assist in compatibility between mods. New Discord:,Java,7636,3,2790,,https://github.com/MinecraftForge/MinecraftForge,2026-05-25T11:35:57.906328+00:00,daily,java
12,AuthMe/AuthMeReloaded,AuthMe,The best authentication plugin for the Bukkit/Spigot API!,Java,822,0,562,,https://github.com/AuthMe/AuthMeReloaded,2026-05-25T11:35:57.908828+00:00,daily,java
13,polymorphicshade/Tubular,polymorphicshade,A fork of NewPipe that implements SponsorBlock and ReturnYouTubeDislike.,Java,3170,6,93,,https://github.com/polymorphicshade/Tubular,2026-05-25T11:35:57.910090+00:00,daily,java
14,github/copilot-sdk,github,Multi-platform SDK for integrating GitHub Copilot Agent into apps and services,Java,8723,4,1178,,https://github.com/github/copilot-sdk,2026-05-25T11:35:57.910937+00:00,daily,java
15,sleuthkit/autopsy,sleuthkit,"Autopsy® is a digital forensics platform and graphical interface to The Sleuth Kit® and other digital forensics tools. It can be used by law enforcement, military, and corporate examiners to investigate what happened on a computer. You can even use it to recover photos from your camera's memory card.",Java,3157,7,672,,https://github.com/sleuthkit/autopsy,2026-05-25T11:35:57.912080+00:00,daily,java
16,TGX-Android/Telegram-X,TGX-Android,The main repository of Telegram X — official alternative Telegram client for Android.,Java,5636,4,1000,,https://github.com/TGX-Android/Telegram-X,2026-05-25T11:35:57.914669+00:00,daily,java
17,ashishps1/awesome-low-level-design,ashishps1,Learn Low Level Design (LLD) and prepare for interviews using free resources.,Java,24196,16,5908,,https://github.com/ashishps1/awesome-low-level-design,2026-05-25T11:35:57.915603+00:00,daily,java
18,questdb/questdb,questdb,"QuestDB is a high performance, open-source, time-series database",Java,16975,4,1578,,https://github.com/questdb/questdb,2026-05-25T11:35:57.916457+00:00,daily,java
19,jeecgboot/JeecgBoot,jeecgboot,AI 低代码平台，「低代码 + 零代码」双模式驱动：低代码一键生成前后端代码，零代码 5 分钟搭建系统，AI Skills 一句话画流程、设计表单、生成整套系统。内置 AI聊天、知识库、流程编排、MCP插件等，兼容主流大模型。引领「AI 生成 → 在线配置 → 代码生成 → 手工合并->AI修改」开发模式，消除 Java 项目 80% 的重复工作，提效而不失灵活。,Java,46412,18,16006,,https://github.com/jeecgboot/JeecgBoot,2026-05-25T11:35:57.917237+00:00,daily,java
20,microg/GmsCore,microg,Free implementation of Play Services,Java,13402,20,2827,,https://github.com/microg/GmsCore,2026-05-25T11:35:57.917883+00:00,daily,java
1,CleverRaven/Cataclysm-DDA,CleverRaven,Cataclysm - Dark Days Ahead. A turn-based survival game set in a post-apocalyptic world.,C++,12365,8,4504,,https://github.com/CleverRaven/Cataclysm-DDA,2026-05-25T11:36:03.287506+00:00,daily,c++
2,aseprite/aseprite,aseprite,"Animated sprite editor & pixel art tool (Windows, macOS, Linux)",C++,37155,23,8098,,https://github.com/aseprite/aseprite,2026-05-25T11:36:03.288596+00:00,daily,c++
3,qbittorrent/qBittorrent,qbittorrent,qBittorrent BitTorrent client,C++,37699,34,4694,,https://github.com/qbittorrent/qBittorrent,2026-05-25T11:36:03.289250+00:00,daily,c++
4,official-stockfish/Stockfish,official-stockfish,A free and strong UCI chess engine,C++,15639,23,2900,,https://github.com/official-stockfish/Stockfish,2026-05-25T11:36:03.289873+00:00,daily,c++
5,ggml-org/llama.cpp,ggml-org,LLM inference in C/C++,C++,112874,293,18745,,https://github.com/ggml-org/llama.cpp,2026-05-25T11:36:03.290458+00:00,daily,c++
6,NVIDIA/cutlass,NVIDIA,CUDA Templates and Python DSLs for High-Performance Linear Algebra,C++,9772,7,1870,,https://github.com/NVIDIA/cutlass,2026-05-25T11:36:03.291178+00:00,daily,c++
7,DamRsn/NeuralNote,DamRsn,Audio Plugin for Audio to MIDI transcription using deep learning.,C++,2700,31,172,,https://github.com/DamRsn/NeuralNote,2026-05-25T11:36:03.292185+00:00,daily,c++
8,dmlc/xgboost,dmlc,"Scalable, Portable and Distributed Gradient Boosting (GBDT, GBRT or GBM) Library, for Python, R, Java, Scala, C++ and more. Runs on single machine, Hadoop, Spark, Dask, Flink and DataFlow",C++,28407,4,8868,,https://github.com/dmlc/xgboost,2026-05-25T11:36:03.292928+00:00,daily,c++
9,google/perfetto,google,"Production-grade client-side tracing, profiling, and analysis for complex software systems.",C++,5980,6,789,,https://github.com/google/perfetto,2026-05-25T11:36:03.293786+00:00,daily,c++
10,TrinityCore/TrinityCore,TrinityCore,"TrinityCore Open Source MMO Framework (master = 12.0.5.67602, 3.3.5 = 3.3.5a.12340, cata classic = 4.4.2.60895)",C++,10578,4,6325,,https://github.com/TrinityCore/TrinityCore,2026-05-25T11:36:03.296561+00:00,daily,c++
11,PrismLauncher/PrismLauncher,PrismLauncher,A custom launcher for Minecraft that allows you to easily manage multiple installations of Minecraft at once (Fork of MultiMC),C++,9433,17,1330,,https://github.com/PrismLauncher/PrismLauncher,2026-05-25T11:36:03.297873+00:00,daily,c++
12,azerothcore/azerothcore-wotlk,azerothcore,Complete Open Source and Modular solution for MMO,C++,8405,6,3418,,https://github.com/azerothcore/azerothcore-wotlk,2026-05-25T11:36:03.298809+00:00,daily,c++
13,hyprwm/Hyprland,hyprwm,"Hyprland is an independent, highly customizable, dynamic tiling Wayland compositor that doesn't sacrifice on its looks.",C++,36000,21,1767,,https://github.com/hyprwm/Hyprland,2026-05-25T11:36:03.299586+00:00,daily,c++
14,bitcoin/bitcoin,bitcoin,Bitcoin Core integration/staging tree,C++,89185,14,38974,,https://github.com/bitcoin/bitcoin,2026-05-25T11:36:03.300620+00:00,daily,c++
15,allenk/GeminiWatermarkTool,allenk,VEO / Gemini 3.5 Nano Banana Pro watermark maintenance tool,C++,2375,31,199,,https://github.com/allenk/GeminiWatermarkTool,2026-05-25T11:36:03.301260+00:00,daily,c++
16,ClickHouse/ClickHouse,ClickHouse,ClickHouse® is a real-time analytics database management system,C++,47599,26,8425,,https://github.com/ClickHouse/ClickHouse,2026-05-25T11:36:03.302213+00:00,daily,c++
17,geode-sdk/geode,geode-sdk,The ultimate Geometry Dash modding framework,C++,2466,6,471,,https://github.com/geode-sdk/geode,2026-05-25T11:36:03.302938+00:00,daily,c++
18,FreeCAD/FreeCAD,FreeCAD,"Official source code of FreeCAD, a free and opensource multiplatform 3D parametric modeler.",C++,31122,26,5591,,https://github.com/FreeCAD/FreeCAD,2026-05-25T11:36:03.305798+00:00,daily,c++
19,bambulab/BambuStudio,bambulab,PC Software for BambuLab and other 3D printers,C++,4536,9,822,,https://github.com/bambulab/BambuStudio,2026-05-25T11:36:03.306656+00:00,daily,c++
20,PCSX2/pcsx2,PCSX2,PCSX2 - The Playstation 2 Emulator,C++,14889,9,1979,,https://github.com/PCSX2/pcsx2,2026-05-25T11:36:03.308640+00:00,daily,c++
21,microsoft/WSL,microsoft,Windows Subsystem for Linux,C++,32393,12,1731,,https://github.com/microsoft/WSL,2026-05-25T11:36:03.309483+00:00,daily,c++
22,pybind/pybind11,pybind,Seamless operability between C++11 and Python,C++,17873,3,2305,,https://github.com/pybind/pybind11,2026-05-25T11:36:03.310200+00:00,daily,c++
1,microsoft/mimalloc,microsoft,mimalloc is a compact general purpose allocator with excellent performance.,C,12976,25,1107,,https://github.com/microsoft/mimalloc,2026-05-25T11:36:09.432099+00:00,daily,c
2,brunodev85/winlator,brunodev85,Android application for running Windows applications with Wine and Box86/Box64,C,17669,11,1437,,https://github.com/brunodev85/winlator,2026-05-25T11:36:09.433318+00:00,daily,c
3,vysheng/tg,vysheng,telegram-cli,C,7042,4,1732,,https://github.com/vysheng/tg,2026-05-25T11:36:09.434286+00:00,daily,c
4,DeusData/codebase-memory-mcp,DeusData,"High-performance code intelligence MCP server. Indexes codebases into a persistent knowledge graph — average repo in milliseconds. 155 languages, sub-ms queries, 99% fewer tokens. Single static binary, zero dependencies.",C,2703,143,290,,https://github.com/DeusData/codebase-memory-mcp,2026-05-25T11:36:09.435324+00:00,daily,c
5,openwrt/openwrt,openwrt,This repository is a mirror of,C,26997,10,12434,,https://github.com/openwrt/openwrt,2026-05-25T11:36:09.436146+00:00,daily,c
6,immortalwrt/immortalwrt,immortalwrt,An opensource OpenWrt variant for mainland China users.,C,10832,9,3562,,https://github.com/immortalwrt/immortalwrt,2026-05-25T11:36:09.436991+00:00,daily,c
7,curl/curl,curl,"A command line tool and library for transferring data with URL syntax, supporting DICT, FILE, FTP, FTPS, GOPHER, GOPHERS, HTTP, HTTPS, IMAP, IMAPS, LDAP, LDAPS, MQTT, MQTTS, POP3, POP3S, RTSP, SCP, SFTP, SMB, SMBS, SMTP, SMTPS, TELNET, TFTP, WS and WSS. libcurl offers a myriad of powerful features",C,42013,15,7217,,https://github.com/curl/curl,2026-05-25T11:36:09.437840+00:00,daily,c
8,qmk/qmk_firmware,qmk,Open-source keyboard firmware for Atmel AVR and Arm USB families,C,20393,4,43908,,https://github.com/qmk/qmk_firmware,2026-05-25T11:36:09.438611+00:00,daily,c
9,nothings/stb,nothings,stb single-file public domain libraries for C/C++,C,33747,18,8056,,https://github.com/nothings/stb,2026-05-25T11:36:09.439454+00:00,daily,c
10,mit-pdos/xv6-riscv,mit-pdos,Xv6 for RISC-V,C,9807,5,4002,,https://github.com/mit-pdos/xv6-riscv,2026-05-25T11:36:09.440515+00:00,daily,c
11,pbatard/rufus,pbatard,The Reliable USB Formatting Utility,C,36178,18,3060,,https://github.com/pbatard/rufus,2026-05-25T11:36:09.441285+00:00,daily,c
12,flipperdevices/flipperzero-firmware,flipperdevices,Flipper Zero firmware source code,C,16047,6,3364,,https://github.com/flipperdevices/flipperzero-firmware,2026-05-25T11:36:09.442450+00:00,daily,c
13,Genymobile/scrcpy,Genymobile,Display and control your Android device,C,142346,74,13132,,https://github.com/Genymobile/scrcpy,2026-05-25T11:36:09.443439+00:00,daily,c
14,moonlight-stream/moonlight-android,moonlight-stream,GameStream client for Android,C,6638,9,1230,,https://github.com/moonlight-stream/moonlight-android,2026-05-25T11:36:09.444226+00:00,daily,c
15,FRRouting/frr,FRRouting,The FRRouting Protocol Suite,C,4141,1,1514,,https://github.com/FRRouting/frr,2026-05-25T11:36:09.445035+00:00,daily,c
16,zmkfirmware/zmk,zmkfirmware,ZMK Firmware Repository,C,4069,0,3953,,https://github.com/zmkfirmware/zmk,2026-05-25T11:36:09.445872+00:00,daily,c
17,EchoStretch/kstuff-lite,EchoStretch,,C,114,9,12,,https://github.com/EchoStretch/kstuff-lite,2026-05-25T11:36:09.447276+00:00,daily,c
18,capstone-engine/capstone,capstone-engine,"Capstone disassembly/disassembler framework for ARM, ARM64 (ARMv8), Alpha, BPF, Ethereum VM, HPPA, LoongArch, M68K, M680X, Mips, MOS65XX, PPC, RISC-V(rv32G/rv64G), SH, Sparc, SystemZ, TMS320C64X, TriCore, Webassembly, XCore and X86.",C,8737,3,1679,,https://github.com/capstone-engine/capstone,2026-05-25T11:36:09.448178+00:00,daily,c
19,nanopb/nanopb,nanopb,Protocol Buffers with small code size,C,5395,4,1019,,https://github.com/nanopb/nanopb,2026-05-25T11:36:09.448954+00:00,daily,c
2,nvm-sh/nvm,nvm-sh,Node Version Manager - POSIX-compliant bash script to manage multiple active node.js versions,Shell,93533,23,10195,,https://github.com/nvm-sh/nvm,2026-05-25T11:36:12.412557+00:00,daily,shell
3,czlonkowski/n8n-skills,czlonkowski,n8n skillset for Claude Code to build flawless n8n workflows,Shell,5140,16,882,,https://github.com/czlonkowski/n8n-skills,2026-05-25T11:36:12.413343+00:00,daily,shell
4,youngyangyang04/leetcode-master,youngyangyang04,《代码随想录》LeetCode 刷题攻略：200道经典题目刷题顺序，共60w字的详细图解，视频难点剖析，50余张思维导图，支持C++，Java，Python，Go，JavaScript等多语言版本，从此算法学习不再迷茫！🔥🔥 来看看，你会发现相见恨晚！🚀,Shell,61499,19,12341,,https://github.com/youngyangyang04/leetcode-master,2026-05-25T11:36:12.414006+00:00,daily,shell
5,anthropics/claude-code,anthropics,"Claude Code is an agentic coding tool that lives in your terminal, understands your codebase, and helps you code faster by executing routine tasks, explaining complex code, and handling git workflows - all through natural language commands.",Shell,126409,307,20736,,https://github.com/anthropics/claude-code,2026-05-25T11:36:12.414618+00:00,daily,shell
6,ophub/amlogic-s9xxx-armbian,ophub,"Supports running Armbian on Amlogic, Allwinner, and Rockchip devices. Support a311d, s922x, s905x3, s905x2, s912, s905d, s905x, s905w, s905, s905l, rk3588, rk3568, rk3399, rk3328, h6, etc.",Shell,9247,8,2923,,https://github.com/ophub/amlogic-s9xxx-armbian,2026-05-25T11:36:12.415205+00:00,daily,shell
7,google/oss-fuzz,google,OSS-Fuzz - continuous fuzzing for open source software.,Shell,12284,5,2764,,https://github.com/google/oss-fuzz,2026-05-25T11:36:12.415937+00:00,daily,shell
8,community-scripts/ProxmoxVE,community-scripts,Proxmox VE Helper-Scripts (Community Edition),Shell,28239,17,2704,,https://github.com/community-scripts/ProxmoxVE,2026-05-25T11:36:12.418763+00:00,daily,shell
9,yuaotian/go-cursor-help,yuaotian,解决Cursor在免费订阅期间出现以下提示的问题: Your request has been blocked as our system has detected suspicious activity / You've reached your trial request limit. / Too many free trial accounts used on this machine.,Shell,26351,9,3185,,https://github.com/yuaotian/go-cursor-help,2026-05-25T11:36:12.419620+00:00,daily,shell
10,basecamp/omarchy,basecamp,"Beautiful, Modern & Opinionated Linux",Shell,23250,38,2339,,https://github.com/basecamp/omarchy,2026-05-25T11:36:12.420543+00:00,daily,shell
11,Owl-Listener/designer-skills,Owl-Listener,"Designer Skills Collection: agentic skills, commands, and plugins for design — from research to systems, UI, interaction, and delivery.",Shell,1368,9,243,,https://github.com/Owl-Listener/designer-skills,2026-05-25T11:36:12.421310+00:00,daily,shell
12,techjarves/termux-hacklab,techjarves,"Turn your Android into a GPU-accelerated Linux hacking lab with one command! XFCE Desktop + Nmap, SQLMap, Hydra, Wine & more. No root required.",Shell,521,5,98,,https://github.com/techjarves/termux-hacklab,2026-05-25T11:36:12.422002+00:00,daily,shell
13,awslabs/agent-plugins,awslabs,"Agent Plugins for AWS equip AI coding agents with the skills to help you architect, deploy, and operate on AWS.",Shell,751,1,105,,https://github.com/awslabs/agent-plugins,2026-05-25T11:36:12.422670+00:00,daily,shell
2,signerlabs/ShipSwift,signerlabs,AI-native SwiftUI component library with full-stack recipes — connect via MCP for instant access.,Swift,1718,91,108,,https://github.com/signerlabs/ShipSwift,2026-05-25T11:36:17.454534+00:00,daily,swift
3,realskyrin/capcap,realskyrin,"A lightweight, native macOS screenshot tool that lives in your menu bar. Double-tap ⌘ Command to capture any region of your screen — instantly copied to clipboard, or annotate first with pen and mosaic tools.",Swift,325,64,26,,https://github.com/realskyrin/capcap,2026-05-25T11:36:17.455218+00:00,daily,swift
4,zachlatta/freeflow,zachlatta,Free & fast alternative to Wispr Flow,Swift,1779,16,153,,https://github.com/zachlatta/freeflow,2026-05-25T11:36:17.455949+00:00,daily,swift
5,lwouis/alt-tab-macos,lwouis,Windows alt-tab on macOS,Swift,15719,14,578,,https://github.com/lwouis/alt-tab-macos,2026-05-25T11:36:17.456758+00:00,daily,swift
6,sw33tLie/macshot,sw33tLie,"Feature-packed native macOS screenshot & recording tool: annotate, auto-redact PII, record GIFs, OCR + translate, scroll capture, beautify, and more. No Electron, no subscription.",Swift,1783,34,104,,https://github.com/sw33tLie/macshot,2026-05-25T11:36:17.457490+00:00,daily,swift
7,groue/GRDB.swift,groue,"A toolkit for SQLite databases, with a focus on application development",Swift,8413,4,926,,https://github.com/groue/GRDB.swift,2026-05-25T11:36:17.458132+00:00,daily,swift
8,utmapp/UTM,utmapp,Virtual machines for iOS and macOS,Swift,34185,15,1717,,https://github.com/utmapp/UTM,2026-05-25T11:36:17.458756+00:00,daily,swift
9,rooootdev/lara,rooootdev,"iOS Toolbox using the DarkSword kexploit. iOS 17.0 - iOS 18.7.1 & iOS 26.0.x, excluding M5 and A19.",Swift,1128,11,138,,https://github.com/rooootdev/lara,2026-05-25T11:36:17.459995+00:00,daily,swift
10,vapor/vapor,vapor,💧 A server-side Swift HTTP web framework.,Swift,26078,4,1513,,https://github.com/vapor/vapor,2026-05-25T11:36:17.460978+00:00,daily,swift
11,pointfreeco/swift-composable-architecture,pointfreeco,"A library for building applications in a consistent and understandable way, with composition, testing, and ergonomics in mind.",Swift,14668,8,1652,,https://github.com/pointfreeco/swift-composable-architecture,2026-05-25T11:36:17.461771+00:00,daily,swift
12,LiveContainer/LiveContainer,LiveContainer,Run iOS apps without actually installing them!,Swift,8228,12,666,,https://github.com/LiveContainer/LiveContainer,2026-05-25T11:36:17.462549+00:00,daily,swift
13,rime/squirrel,rime,【鼠鬚管】Rime for macOS,Swift,6002,3,500,,https://github.com/rime/squirrel,2026-05-25T11:36:17.463628+00:00,daily,swift
14,claration/Feather,claration,"Free on-device iOS/iPadOS application manager/installer, using certificates part of the Apple Developer Program.",Swift,4146,9,358,,https://github.com/claration/Feather,2026-05-25T11:36:17.465202+00:00,daily,swift
15,supertone-inc/supertonic,supertone-inc,"Lightning-Fast, On-Device, Multilingual TTS — running natively via ONNX.",Swift,10345,379,1056,,https://github.com/supertone-inc/supertonic,2026-05-25T11:36:17.466066+00:00,daily,swift
16,tisfeng/Easydict,tisfeng,一个简洁优雅的词典翻译 macOS App。开箱即用，支持离线 OCR 识别，支持有道词典，🍎 苹果系统词典，🍎 苹果系统翻译，OpenAI，Gemini，DeepL，Google，Bing，腾讯，百度，阿里，小牛，彩云和火山翻译。A concise and elegant Dictionary and Translator macOS App for looking up words and translating text.,Swift,13290,26,664,,https://github.com/tisfeng/Easydict,2026-05-25T11:36:17.467387+00:00,daily,swift
17,seemoo-lab/openhaystack,seemoo-lab,Build your own 'AirTags' 🏷 today! Framework for tracking personal Bluetooth devices via Apple's massive Find My network.,Swift,12991,7,649,,https://github.com/seemoo-lab/openhaystack,2026-05-25T11:36:17.468338+00:00,daily,swift
18,Alamofire/Alamofire,Alamofire,Elegant HTTP Networking in Swift,Swift,42382,2,7662,,https://github.com/Alamofire/Alamofire,2026-05-25T11:36:17.469079+00:00,daily,swift
1,maxrave-dev/SimpMusic,maxrave-dev,A cross-platform music app using YouTube Music for backend,Kotlin,9233,20,428,,https://github.com/maxrave-dev/SimpMusic,2026-05-25T11:36:23.228125+00:00,daily,kotlin
2,home-assistant/android,home-assistant,Home Assistant Companion for Android,Kotlin,3620,3,972,,https://github.com/home-assistant/android,2026-05-25T11:36:23.228952+00:00,daily,kotlin
3,mihonapp/mihon,mihonapp,Free and open source manga reader for Android,Kotlin,20892,53,1181,,https://github.com/mihonapp/mihon,2026-05-25T11:36:23.229724+00:00,daily,kotlin
4,keiyoushi/extensions-source,keiyoushi,Source code of extensions in,Kotlin,4151,14,1345,,https://github.com/keiyoushi/extensions-source,2026-05-25T11:36:23.230579+00:00,daily,kotlin
5,JunkFood02/Seal,JunkFood02,"🦭 Video/Audio Downloader for Android, based on yt-dlp",Kotlin,26436,29,1194,,https://github.com/JunkFood02/Seal,2026-05-25T11:36:23.231293+00:00,daily,kotlin
6,xororz/local-dream,xororz,Run Stable Diffusion on Android Devices with Snapdragon NPU acceleration. Also supports CPU/GPU inference.,Kotlin,2472,21,155,,https://github.com/xororz/local-dream,2026-05-25T11:36:23.231953+00:00,daily,kotlin
7,LanRhyme/MicYou,LanRhyme,MicYou is a powerful tool that turns your Android device into a high-quality microphone for your PC.,Kotlin,2456,43,114,,https://github.com/LanRhyme/MicYou,2026-05-25T11:36:23.232573+00:00,daily,kotlin
8,wxxsfxyzm/InstallerX-Revived,wxxsfxyzm,More Expressive InstallerX !,Kotlin,4891,15,197,,https://github.com/wxxsfxyzm/InstallerX-Revived,2026-05-25T11:36:23.233330+00:00,daily,kotlin
9,topjohnwu/Magisk,topjohnwu,The Magic Mask for Android,Kotlin,60612,18,17525,,https://github.com/topjohnwu/Magisk,2026-05-25T11:36:23.234128+00:00,daily,kotlin
10,FossifyOrg/Gallery,FossifyOrg,Browse your memories without any interruptions with this photo and video gallery,Kotlin,3395,7,202,,https://github.com/FossifyOrg/Gallery,2026-05-25T11:36:23.234947+00:00,daily,kotlin
11,recloudstream/cloudstream,recloudstream,Android app for streaming and downloading media.,Kotlin,9728,13,886,,https://github.com/recloudstream/cloudstream,2026-05-25T11:36:23.235749+00:00,daily,kotlin
12,JetBrains/koog,JetBrains,"Koog is a JVM (Java and Kotlin) framework for building predictable, fault-tolerant and enterprise-ready AI agents across all platforms – from backend services to Android and iOS, JVM, and even in-browser environments. Koog is based on our AI products expertise and provides proven solutions for complex LLM and AI problems",Kotlin,4230,8,410,,https://github.com/JetBrains/koog,2026-05-25T11:36:23.236642+00:00,daily,kotlin
13,RikkaApps/Shizuku,RikkaApps,Using system APIs directly with adb/root privileges from normal apps through a Java process started with app_process.,Kotlin,25525,54,2420,,https://github.com/RikkaApps/Shizuku,2026-05-25T11:36:23.237496+00:00,daily,kotlin
14,deniscerri/ytdlnis,deniscerri,Full-featured audio/video downloader for Android using yt-dlp,Kotlin,8681,10,376,,https://github.com/deniscerri/ytdlnis,2026-05-25T11:36:23.238284+00:00,daily,kotlin
15,MatsuriDayo/NekoBoxForAndroid,MatsuriDayo,NekoBox for Android / sing-box / universal proxy toolchain for Android,Kotlin,20939,27,1647,,https://github.com/MatsuriDayo/NekoBoxForAndroid,2026-05-25T11:36:23.239065+00:00,daily,kotlin
16,2dust/v2rayNG,2dust,"A V2Ray client for Android, support Xray core and v2fly core",Kotlin,56778,73,7462,,https://github.com/2dust/v2rayNG,2026-05-25T11:36:23.239933+00:00,daily,kotlin
17,Arturo254/OpenTune,Arturo254,"Un cliente de YouTube Music con Material Design 3, para Android",Kotlin,1543,9,125,,https://github.com/Arturo254/OpenTune,2026-05-25T11:36:23.240704+00:00,daily,kotlin
18,tanujnotes/Olauncher,tanujnotes,Minimal AF Launcher for Android. Reduce your screen time. Daily wallpapers.,Kotlin,3565,3,436,,https://github.com/tanujnotes/Olauncher,2026-05-25T11:36:23.241482+00:00,daily,kotlin
1,antiwork/gumroad,antiwork,Sell stuff and see what sticks,Ruby,9118,7,1923,,https://github.com/antiwork/gumroad,2026-05-25T11:36:29.040008+00:00,daily,ruby
2,discourse/discourse,discourse,"A platform for community discussion. Free, open, simple.",Ruby,47097,9,8918,,https://github.com/discourse/discourse,2026-05-25T11:36:29.040947+00:00,daily,ruby
3,hashicorp/vagrant,hashicorp,Vagrant is a tool for building and distributing development environments.,Ruby,27139,2,4420,,https://github.com/hashicorp/vagrant,2026-05-25T11:36:29.041790+00:00,daily,ruby
4,Homebrew/homebrew-cask,Homebrew,🍻 A CLI workflow for the administration of macOS applications distributed as binaries,Ruby,22039,1,11535,,https://github.com/Homebrew/homebrew-cask,2026-05-25T11:36:29.042682+00:00,daily,ruby
5,kilimchoi/engineering-blogs,kilimchoi,A curated list of engineering blogs,Ruby,38184,5,2015,,https://github.com/kilimchoi/engineering-blogs,2026-05-25T11:36:29.043485+00:00,daily,ruby
6,ruby/ruby,ruby,The Ruby Programming Language,Ruby,23590,0,5593,,https://github.com/ruby/ruby,2026-05-25T11:36:29.044382+00:00,daily,ruby
7,rails/rails,rails,Ruby on Rails,Ruby,58465,8,22266,,https://github.com/rails/rails,2026-05-25T11:36:29.045507+00:00,daily,ruby
8,amatsuda/rubish,amatsuda,,Ruby,213,26,4,,https://github.com/amatsuda/rubish,2026-05-25T11:36:29.046480+00:00,daily,ruby
9,opf/openproject,opf,OpenProject is the leading open source project management software.,Ruby,15151,6,3262,,https://github.com/opf/openproject,2026-05-25T11:36:29.048497+00:00,daily,ruby
10,jekyll/jekyll,jekyll,🌐 Jekyll is a blog-aware static site generator in Ruby,Ruby,51451,3,10286,,https://github.com/jekyll/jekyll,2026-05-25T11:36:29.049223+00:00,daily,ruby
11,rubysec/ruby-advisory-db,rubysec,A database of vulnerable Ruby Gems,Ruby,1062,0,233,,https://github.com/rubysec/ruby-advisory-db,2026-05-25T11:36:29.050022+00:00,daily,ruby
12,lostisland/faraday,lostisland,"Simple, but flexible HTTP client library, with support for multiple backends.",Ruby,5937,1,1017,,https://github.com/lostisland/faraday,2026-05-25T11:36:29.051303+00:00,daily,ruby
13,basecamp/once-campfire,basecamp,"Super simple group chat, without a subscription",Ruby,4343,1,734,,https://github.com/basecamp/once-campfire,2026-05-25T11:36:29.052223+00:00,daily,ruby
14,openai/openai-ruby,openai,Official Ruby SDK for the OpenAI API,Ruby,432,0,47,,https://github.com/openai/openai-ruby,2026-05-25T11:36:29.053093+00:00,daily,ruby
15,chef/chef,chef,"Chef Infra, a powerful automation platform that transforms infrastructure into code automating how infrastructure is configured, deployed and managed across any environment, at any scale",Ruby,8181,0,2526,,https://github.com/chef/chef,2026-05-25T11:36:29.053911+00:00,daily,ruby
16,onetimesecret/onetimesecret,onetimesecret,Keep passwords and other sensitive information out of your inboxes and chat logs.,Ruby,2818,0,441,,https://github.com/onetimesecret/onetimesecret,2026-05-25T11:36:29.054578+00:00,daily,ruby
17,postalserver/postal,postalserver,📮 A fully featured open source mail delivery platform for incoming & outgoing e-mail,Ruby,16552,5,1241,,https://github.com/postalserver/postal,2026-05-25T11:36:29.055357+00:00,daily,ruby
18,github-linguist/linguist,github-linguist,"Language Savant. If your repository's language is being reported incorrectly, send us a pull request!",Ruby,13484,3,5191,,https://github.com/github-linguist/linguist,2026-05-25T11:36:29.056178+00:00,daily,ruby
1,jellyfin/jellyfin,jellyfin,The Free Software Media System - Server Backend & API,C#,52154,122,4847,,https://github.com/jellyfin/jellyfin,2026-05-25T11:36:32.372877+00:00,daily,c%23
2,memstechtips/Winhance,memstechtips,"Application designed to optimize, customize and enhance your Windows experience.",C#,10452,132,528,,https://github.com/memstechtips/Winhance,2026-05-25T11:36:32.374146+00:00,daily,c%23
3,MiniMax-AI/skills,MiniMax-AI,,C#,12094,31,1032,,https://github.com/MiniMax-AI/skills,2026-05-25T11:36:32.375090+00:00,daily,c%23
4,Polytoria/polytoria-game,Polytoria,"Polytoria, a multiplayer gaming platform built with Godot and .NET",C#,194,5,82,,https://github.com/Polytoria/polytoria-game,2026-05-25T11:36:32.375830+00:00,daily,c%23
5,bitwarden/server,bitwarden,"Bitwarden infrastructure/backend (API, database, Docker, etc).",C#,18857,45,1631,,https://github.com/bitwarden/server,2026-05-25T11:36:32.377485+00:00,daily,c%23
6,Jackett/Jackett,Jackett,API Support for your favorite torrent trackers,C#,15466,12,1511,,https://github.com/Jackett/Jackett,2026-05-25T11:36:32.378345+00:00,daily,c%23
7,PCL-Community/PCL-CE,PCL-Community,PCL 社区版 由社区开发者维护与管理,C#,3830,11,90,,https://github.com/PCL-Community/PCL-CE,2026-05-25T11:36:32.379150+00:00,daily,c%23
8,dotnet/roslyn,dotnet,The Roslyn .NET compiler provides C# and Visual Basic languages with rich code analysis APIs.,C#,20434,1,4263,,https://github.com/dotnet/roslyn,2026-05-25T11:36:32.380170+00:00,daily,c%23
9,microsoft/PowerToys,microsoft,Microsoft PowerToys is a collection of utilities that supercharge productivity and customization on Windows,C#,133475,44,8008,,https://github.com/microsoft/PowerToys,2026-05-25T11:36:32.383095+00:00,daily,c%23
10,seerge/g-helper,seerge,"Lightweight Armoury Crate alternative for Asus laptops with nearly the same functionality. Works with ROG Zephyrus, Flow, TUF, Strix, Scar, ProArt, Vivobook, Zenbook, Expertbook, ROG Ally, and many more.",C#,13310,27,497,,https://github.com/seerge/g-helper,2026-05-25T11:36:32.383955+00:00,daily,c%23
11,BepInEx/BepInEx,BepInEx,Unity / XNA game patcher and plugin framework,C#,7881,6,831,,https://github.com/BepInEx/BepInEx,2026-05-25T11:36:32.385093+00:00,daily,c%23
12,Seafoam-Labs/Shelly-ALPM,Seafoam-Labs,"Pacman alternative for ArchLinux, designed with you in mind.",C#,585,6,43,,https://github.com/Seafoam-Labs/Shelly-ALPM,2026-05-25T11:36:32.385834+00:00,daily,c%23
13,lostindark/DriverStoreExplorer,lostindark,Driver Store Explorer,C#,10738,12,532,,https://github.com/lostindark/DriverStoreExplorer,2026-05-25T11:36:32.386454+00:00,daily,c%23
14,bloxstraplabs/bloxstrap,bloxstraplabs,An alternative bootstrapper for Roblox with a bunch of extra features.,C#,2984,2,977,,https://github.com/bloxstraplabs/bloxstrap,2026-05-25T11:36:32.387195+00:00,daily,c%23
15,ed0ard/CS2-Bot-Improver,ed0ard,"CS2-Bot-Improver is a plugin for Counter-Strike 2 that improves bots' aim, movement, nade throwing, personalities, strategies, etc. Aims to enhance your experience when playing against bots offline or with friends. It can be installed on both clients and servers.",C#,422,30,11,,https://github.com/ed0ard/CS2-Bot-Improver,2026-05-25T11:36:32.387925+00:00,daily,c%23
16,kwsch/PKHeX,kwsch,Pokémon Save File Editor,C#,4895,2,877,,https://github.com/kwsch/PKHeX,2026-05-25T11:36:32.388709+00:00,daily,c%23
17,babalae/better-genshin-impact,babalae,📦BetterGI · 更好的原神 - 自动拾取 | 自动剧情 | 全自动钓鱼(AI) | 全自动七圣召唤 | 自动伐木 | 自动刷本 | 自动采集/挖矿/锄地 | 一条龙 | 全连音游 | 自动烹饪 - UI Automation Testing Tools For Genshin Impact,C#,13636,12,966,,https://github.com/babalae/better-genshin-impact,2026-05-25T11:36:32.389428+00:00,daily,c%23
18,QuantConnect/Lean,QuantConnect,"Lean Algorithmic Trading Engine by QuantConnect (Python, C#)",C#,19152,44,4802,,https://github.com/QuantConnect/Lean,2026-05-25T11:36:32.390383+00:00,daily,c%23
1,danielmiessler/SecLists,danielmiessler,"SecLists is the security tester's companion. It's a collection of multiple types of lists used during security assessments, collected in one place. List types include usernames, passwords, URLs, sensitive data patterns, fuzzing payloads, web shells, and many more.",PHP,71138,31,25014,,https://github.com/danielmiessler/SecLists,2026-05-25T11:36:39.844012+00:00,daily,php
2,Leantime/leantime,Leantime,"Leantime is a goals focused project management system for non-project managers. Building with ADHD, Autism, and dyslexia in mind.",PHP,9923,14,963,,https://github.com/Leantime/leantime,2026-05-25T11:36:39.845235+00:00,daily,php
3,pterodactyl/panel,pterodactyl,"Pterodactyl® is a free, open-source game server management panel built with PHP, React, and Go. Designed with security in mind, Pterodactyl runs all game servers in isolated Docker containers while exposing a beautiful and intuitive UI to end users.",PHP,8900,2,2565,,https://github.com/pterodactyl/panel,2026-05-25T11:36:39.846160+00:00,daily,php
4,FreshRSS/FreshRSS,FreshRSS,"A free, self-hostable news aggregator…",PHP,15123,15,1185,,https://github.com/FreshRSS/FreshRSS,2026-05-25T11:36:39.847014+00:00,daily,php
5,PHPMailer/PHPMailer,PHPMailer,The classic email sending library for PHP,PHP,22153,0,9834,,https://github.com/PHPMailer/PHPMailer,2026-05-25T11:36:39.847732+00:00,daily,php
6,koel/koel,koel,Music streaming solution that works.,PHP,17147,1,2106,,https://github.com/koel/koel,2026-05-25T11:36:39.848625+00:00,daily,php
7,MlgmXyysd/Xiaomi-HyperOS-BootLoader-Bypass,MlgmXyysd,A PoC that exploits a vulnerability to bypass the Xiaomi HyperOS community restrictions of BootLoader unlocked account bindings.,PHP,4632,3,454,,https://github.com/MlgmXyysd/Xiaomi-HyperOS-BootLoader-Bypass,2026-05-25T11:36:39.849461+00:00,daily,php
8,cedar2025/Xboard,cedar2025,High-performance panel based on V2board secondary development supporting new protocols and new features,PHP,4311,12,1209,,https://github.com/cedar2025/Xboard,2026-05-25T11:36:39.850664+00:00,daily,php
9,kmackay/micro-ecc,kmackay,"ECDH and ECDSA for 8-bit, 32-bit, and 64-bit processors.",PHP,1406,1,499,,https://github.com/kmackay/micro-ecc,2026-05-25T11:36:39.851351+00:00,daily,php
10,woocommerce/woocommerce,woocommerce,"A customizable, open-source ecommerce platform built on WordPress. Build any commerce solution you can imagine.",PHP,10309,2,10695,,https://github.com/woocommerce/woocommerce,2026-05-25T11:36:39.851989+00:00,daily,php
11,paragonie/random_compat,paragonie,PHP 5.x support for random_bytes() and random_int(),PHP,8165,1,149,,https://github.com/paragonie/random_compat,2026-05-25T11:36:39.852744+00:00,daily,php
12,dflydev/dflydev-dot-access-data,dflydev,"Given a deep data structure representing a configuration, access configuration by dot notation.",PHP,720,0,19,,https://github.com/dflydev/dflydev-dot-access-data,2026-05-25T11:36:39.853506+00:00,daily,php
13,doctrine/common,doctrine,Doctrine Common,PHP,5811,0,287,,https://github.com/doctrine/common,2026-05-25T11:36:39.854403+00:00,daily,php
14,Dolibarr/dolibarr,Dolibarr,"Dolibarr ERP CRM is a modern software package to manage your company or foundation's activity (contacts, suppliers, invoices, orders, stocks, agenda, accounting, ...). it's an open source Web application (written in PHP) designed for businesses of any sizes, foundations and freelancers.",PHP,7246,8,3384,,https://github.com/Dolibarr/dolibarr,2026-05-25T11:36:39.855260+00:00,daily,php
15,egulias/EmailValidator,egulias,PHP Email address validator,PHP,11640,0,228,,https://github.com/egulias/EmailValidator,2026-05-25T11:36:39.856019+00:00,daily,php
16,bobthecow/psysh,bobthecow,A REPL for PHP,PHP,9826,0,316,,https://github.com/bobthecow/psysh,2026-05-25T11:36:39.856765+00:00,daily,php
