source,unique_id,title,url,description,author,language,score,comments,stars,stars_since,forks,topics,hot_score,published_at,crawl_time,extra
github,TryGhost/Ghost,TryGhost/Ghost,https://github.com/TryGhost/Ghost,"Independent technology for modern publishing, memberships, subscriptions and newsletters.",TryGhost,JavaScript,434,,53501,434,11629,,4340,,2026-05-18T15:30:38.201517+00:00,{'forks_since': None}
github,WhiskeySockets/Baileys,WhiskeySockets/Baileys,https://github.com/WhiskeySockets/Baileys,Socket-based TS/JavaScript API for WhatsApp Web,WhiskeySockets,JavaScript,33,,9417,33,3002,,330,,2026-05-18T15:30:38.242637+00:00,{'forks_since': None}
github,truelockmc/streambert,truelockmc/streambert,https://github.com/truelockmc/streambert,"A cross-platform Electron Desktop App to stream and download any Movie, TV Series or Anime in the World. Zero Ads and Tracking",truelockmc,JavaScript,277,,1055,277,95,,2770,,2026-05-18T15:30:38.246182+00:00,{'forks_since': None}
github,Zen4-bit/Proxima,Zen4-bit/Proxima,https://github.com/Zen4-bit/Proxima,"Multi-AI MCP Server - Connect ChatGPT, Claude, Gemini & Perplexity to your coding tools without any API",Zen4-bit,JavaScript,16,,939,16,123,,160,,2026-05-18T15:30:38.249421+00:00,{'forks_since': None}
github,usebruno/bruno,usebruno/bruno,https://github.com/usebruno/bruno,Opensource IDE For Exploring and Testing API's (lightweight alternative to Postman/Insomnia),usebruno,JavaScript,141,,44182,141,2466,,1410,,2026-05-18T15:30:38.252578+00:00,{'forks_since': None}
github,anubhavxdev/Event-management-system-main,anubhavxdev/Event-management-system-main,https://github.com/anubhavxdev/Event-management-system-main,"Full-stack event management system with QR ticketing, real-time check-ins, organizer dashboards, and role-based access. Stack: Node.js · React · MongoDB · Socket.IO · Tailwind CSS",anubhavxdev,JavaScript,7,,51,7,74,,70,,2026-05-18T15:30:38.256814+00:00,{'forks_since': None}
github,viru0909-dev/nyay-setu-working,viru0909-dev/nyay-setu-working,https://github.com/viru0909-dev/nyay-setu-working,Digitalization of Judiciary System,viru0909-dev,JavaScript,5,,47,5,122,,50,,2026-05-18T15:30:38.260058+00:00,{'forks_since': None}
github,nodejs/node,nodejs/node,https://github.com/nodejs/node,Node.js JavaScript runtime ✨🐢🚀✨,nodejs,JavaScript,24,,117275,24,35554,,240,,2026-05-18T15:30:38.264236+00:00,{'forks_since': None}
github,jo-inc/camofox-browser,jo-inc/camofox-browser,https://github.com/jo-inc/camofox-browser,"Stealth headless browser for AI agents — bypass Cloudflare, bot detection, and anti-scraping. Drop-in Puppeteer/Playwright replacement.",jo-inc,JavaScript,81,,5240,81,508,,810,,2026-05-18T15:30:38.268308+00:00,{'forks_since': None}
github,microsoft/monaco-editor,microsoft/monaco-editor,https://github.com/microsoft/monaco-editor,A browser based code editor,microsoft,JavaScript,10,,46024,10,4068,,100,,2026-05-18T15:30:38.271473+00:00,{'forks_since': None}
github,datawhalechina/easy-vibe,datawhalechina/easy-vibe,https://github.com/datawhalechina/easy-vibe,💻 vibe coding 2026 | Your first modern Coding course for beginners to master step by step.,datawhalechina,JavaScript,567,,12772,567,1200,,5670,,2026-05-18T15:30:38.275241+00:00,{'forks_since': None}
github,Imbad0202/academic-research-skills,Imbad0202/academic-research-skills,https://github.com/Imbad0202/academic-research-skills,Academic Research Skills for Claude Code: research → write → review → revise → finalize,Imbad0202,Python,1302,,10901,1302,1146,,13020,,2026-05-18T15:30:42.665164+00:00,{'forks_since': None}
github,CloakHQ/CloakBrowser,CloakHQ/CloakBrowser,https://github.com/CloakHQ/CloakBrowser,Stealth Chromium that passes every bot detection test. Drop-in Playwright replacement with source-level fingerprint patches. 30/30 tests passed.,CloakHQ,Python,1391,,14764,1391,1158,,13910,,2026-05-18T15:30:42.672455+00:00,{'forks_since': None}
github,NVlabs/Sana,NVlabs/Sana,https://github.com/NVlabs/Sana,SANA: Efficient High-Resolution Image Synthesis with Linear Diffusion Transformer,NVlabs,Python,376,,6366,376,450,,3760,,2026-05-18T15:30:42.676740+00:00,{'forks_since': None}
github,ZhuLinsen/daily_stock_analysis,ZhuLinsen/daily_stock_analysis,https://github.com/ZhuLinsen/daily_stock_analysis,LLM驱动的 A/H/美股智能分析：多数据源行情 + 实时新闻 + LLM决策仪表盘 + 多渠道推送，零成本定时运行，纯白嫖. LLM-powered stock analysis system for A/H/US markets.,ZhuLinsen,Python,290,,36879,290,36116,,2900,,2026-05-18T15:30:42.679383+00:00,{'forks_since': None}
github,mattzh72/articraft,mattzh72/articraft,https://github.com/mattzh72/articraft,An Agentic System for Scalable Articulated 3D Asset Generation,mattzh72,Python,171,,768,171,84,,1710,,2026-05-18T15:30:42.682543+00:00,{'forks_since': None}
github,joeseesun/qiaomu-anything-to-notebooklm,joeseesun/qiaomu-anything-to-notebooklm,https://github.com/joeseesun/qiaomu-anything-to-notebooklm,"Claude Skill: Multi-source content processor for NotebookLM. Supports WeChat articles, web pages, YouTube, PDF, Markdown, search queries → Podcast/PPT/MindMap/Quiz etc.",joeseesun,Python,264,,3851,264,399,,2640,,2026-05-18T15:30:42.685148+00:00,{'forks_since': None}
github,zinja-coder/jadx-mcp-server,zinja-coder/jadx-mcp-server,https://github.com/zinja-coder/jadx-mcp-server,MCP server for JADX-AI Plugin,zinja-coder,Python,36,,595,36,108,,360,,2026-05-18T15:30:42.689231+00:00,{'forks_since': None}
github,Light-Heart-Labs/DreamServer,Light-Heart-Labs/DreamServer,https://github.com/Light-Heart-Labs/DreamServer,"Local AI anywhere, for everyone — LLM inference, chat UI, voice, agents, workflows, RAG, and image generation. No cloud, no subscriptions.",Light-Heart-Labs,Python,485,,1455,485,223,,4850,,2026-05-18T15:30:42.692475+00:00,{'forks_since': None}
github,yichuan-w/LEANN,yichuan-w/LEANN,https://github.com/yichuan-w/LEANN,"[MLsys2026]: RAG on Everything with LEANN. Enjoy 97% storage savings while running a fast, accurate, and 100% private RAG application on your personal device.",yichuan-w,Python,43,,11428,43,1020,,430,,2026-05-18T15:30:42.695630+00:00,{'forks_since': None}
github,wanshuiyin/Auto-claude-code-research-in-sleep,wanshuiyin/Auto-claude-code-research-in-sleep,https://github.com/wanshuiyin/Auto-claude-code-research-in-sleep,"ARIS ⚔️ (Auto-Research-In-Sleep) — Lightweight Markdown-only skills for autonomous ML research: cross-model review loops, idea discovery, and experiment automation. No framework, no lock-in — works with Claude Code, Codex, OpenClaw, or any LLM agent.",wanshuiyin,Python,211,,9871,211,949,,2110,,2026-05-18T15:30:42.698782+00:00,{'forks_since': None}
github,GreyDGL/PentestGPT,GreyDGL/PentestGPT,https://github.com/GreyDGL/PentestGPT,Automated Penetration Testing Agentic Framework Powered by Large Language Models,GreyDGL,Python,17,,13159,17,2257,,170,,2026-05-18T15:30:42.702515+00:00,{'forks_since': None}
github,topoteretes/cognee,topoteretes/cognee,https://github.com/topoteretes/cognee,Memory control plane for AI Agents in 6 lines of code,topoteretes,Python,38,,17315,38,1813,,380,,2026-05-18T15:30:42.705638+00:00,{'forks_since': None}
github,ggml-org/llama.cpp,ggml-org/llama.cpp,https://github.com/ggml-org/llama.cpp,LLM inference in C/C++,ggml-org,C++,179,,110836,179,18347,,1790,,2026-05-18T15:30:44.665921+00:00,{'forks_since': None}
github,tech-leads-club/agent-skills,tech-leads-club/agent-skills,https://github.com/tech-leads-club/agent-skills,"The secure, validated skill registry for professional AI coding agents. Extend Antigravity, Claude Code, Cursor, Copilot and more with absolute confidence.",tech-leads-club,TypeScript,1244,,3881,1244,341,,12440,,2026-05-18T15:30:44.672350+00:00,{'forks_since': None}
github,humanlayer/12-factor-agents,humanlayer/12-factor-agents,https://github.com/humanlayer/12-factor-agents,What are the principles we can use to build LLM-powered software that is actually good enough to put in the hands of production customers?,humanlayer,TypeScript,359,,20330,359,1539,,3590,,2026-05-18T15:30:44.677711+00:00,{'forks_since': None}
github,microsoft/ai-agents-for-beginners,microsoft/ai-agents-for-beginners,https://github.com/microsoft/ai-agents-for-beginners,12 Lessons to Get Started Building AI Agents,microsoft,Jupyter Notebook,1013,,63223,1013,21148,,10130,,2026-05-18T15:30:44.683077+00:00,{'forks_since': None}
github,plausible/analytics,plausible/analytics,https://github.com/plausible/analytics,"Open source, privacy-first web analytics. Lightweight, cookie-free Google Analytics alternative. Self-hosted or cloud.",plausible,Elixir,637,,25782,637,1486,,6370,,2026-05-18T15:30:44.687184+00:00,{'forks_since': None}
github,termux/termux-app,termux/termux-app,https://github.com/termux/termux-app,Termux - a terminal emulator application for Android OS extendible by variety of packages.,termux,Java,72,,55124,72,6596,,720,,2026-05-18T15:30:48.952444+00:00,{'forks_since': None}
github,cabaletta/baritone,cabaletta/baritone,https://github.com/cabaletta/baritone,google maps for block game,cabaletta,Java,2,,8870,2,1873,,20,,2026-05-18T15:30:48.956764+00:00,{'forks_since': None}
github,RikkaApps/Shizuku-API,RikkaApps/Shizuku-API,https://github.com/RikkaApps/Shizuku-API,The API and the developer guide for Shizuku and Sui.,RikkaApps,Java,6,,2179,6,898,,60,,2026-05-18T15:30:48.959981+00:00,{'forks_since': None}
github,HMCL-dev/HMCL,HMCL-dev/HMCL,https://github.com/HMCL-dev/HMCL,"A Minecraft Launcher which is multi-functional, cross-platform and popular",HMCL-dev,Java,7,,9258,7,873,,70,,2026-05-18T15:30:48.963253+00:00,{'forks_since': None}
github,PojavLauncherTeam/PojavLauncher,PojavLauncherTeam/PojavLauncher,https://github.com/PojavLauncherTeam/PojavLauncher,A Minecraft: Java Edition Launcher for Android and iOS based on Boardwalk. Succeeded by,PojavLauncherTeam,Java,4,,8959,4,1992,,40,,2026-05-18T15:30:48.966433+00:00,{'forks_since': None}
github,FCL-Team/FoldCraftLauncher,FCL-Team/FoldCraftLauncher,https://github.com/FCL-Team/FoldCraftLauncher,"Fold Craft Launcher, an Android Minecraft : Java Edition launcher.",FCL-Team,Java,7,,3974,7,274,,70,,2026-05-18T15:30:48.970328+00:00,{'forks_since': None}
github,apache/cassandra,apache/cassandra,https://github.com/apache/cassandra,Open source transactional distributed database. Linear scalability and proven fault-tolerance on commodity hardware or cloud infrastructure without compromising performance.,apache,Java,0,,9739,0,3864,,0,,2026-05-18T15:30:48.972440+00:00,{'forks_since': None}
github,apache/maven,apache/maven,https://github.com/apache/maven,Apache Maven core,apache,Java,2,,5050,2,2879,,20,,2026-05-18T15:30:48.976123+00:00,{'forks_since': None}
github,xandergos/terrain-diffusion-mc,xandergos/terrain-diffusion-mc,https://github.com/xandergos/terrain-diffusion-mc,Procedural terrain generation with diffusion models (in Minecraft),xandergos,Java,12,,465,12,38,,120,,2026-05-18T15:30:48.979257+00:00,{'forks_since': None}
github,Katana-Official/SPatch-Update,Katana-Official/SPatch-Update,https://github.com/Katana-Official/SPatch-Update,Update for SPatch nightly,Katana-Official,Java,6,,1943,6,152,,60,,2026-05-18T15:30:48.983011+00:00,{'forks_since': None}
github,Dev4Mod/WaEnhancer,Dev4Mod/WaEnhancer,https://github.com/Dev4Mod/WaEnhancer,WhatsApp tools for Android,Dev4Mod,Java,6,,1453,6,194,,60,,2026-05-18T15:30:48.985634+00:00,{'forks_since': None}
github,j-shelfwood/voxy-neoforge,j-shelfwood/voxy-neoforge,https://github.com/j-shelfwood/voxy-neoforge,Unofficial NeoForge 1.21.1 port of Voxy (LOD mod) by MCRcortex - Community maintained,j-shelfwood,Java,2,,100,2,86,,20,,2026-05-18T15:30:48.989248+00:00,{'forks_since': None}
github,ReChronoRain/HyperCeiler,ReChronoRain/HyperCeiler,https://github.com/ReChronoRain/HyperCeiler,HyperOS enhancement module - Make HyperOS Great Again!,ReChronoRain,Java,8,,4822,8,365,,80,,2026-05-18T15:30:48.992483+00:00,{'forks_since': None}
github,apache/poi,apache/poi,https://github.com/apache/poi,Mirror of Apache POI gitbox. The Java API for Microsoft Documents.,apache,Java,1,,2229,1,835,,10,,2026-05-18T15:30:48.995643+00:00,{'forks_since': None}
github,apache/commons-lang,apache/commons-lang,https://github.com/apache/commons-lang,Apache Commons Lang,apache,Java,0,,2960,0,1957,,0,,2026-05-18T15:30:48.998813+00:00,{'forks_since': None}
github,Anuken/Mindustry,Anuken/Mindustry,https://github.com/Anuken/Mindustry,The automation tower defense RTS,Anuken,Java,16,,27593,16,3435,,160,,2026-05-18T15:30:49.001950+00:00,{'forks_since': None}
github,MuntashirAkon/AppManager,MuntashirAkon/AppManager,https://github.com/MuntashirAkon/AppManager,A full-featured package manager and viewer for Android,MuntashirAkon,Java,7,,8037,7,459,,70,,2026-05-18T15:30:49.005109+00:00,{'forks_since': None}
github,MeteorDevelopment/meteor-client,MeteorDevelopment/meteor-client,https://github.com/MeteorDevelopment/meteor-client,Based Minecraft utility mod.,MeteorDevelopment,Java,8,,3470,8,1528,,80,,2026-05-18T15:30:49.008407+00:00,{'forks_since': None}
github,microg/GmsCore,microg/GmsCore,https://github.com/microg/GmsCore,Free implementation of Play Services,microg,Java,10,,13304,10,2809,,100,,2026-05-18T15:30:49.012679+00:00,{'forks_since': None}
github,MojoLauncher/MojoLauncher,MojoLauncher/MojoLauncher,https://github.com/MojoLauncher/MojoLauncher,"A Minecraft: Java Edition launcher, based on PojavLauncher",MojoLauncher,Java,3,,589,3,196,,30,,2026-05-18T15:30:49.015862+00:00,{'forks_since': None}
hn,48177452,Dogme 25 – Vow of Chastity (2025),https://dogma25.dk/,,,,40,45,,,,,130,,2026-05-18T15:30:51.659694+00:00,{'post_id': '48177452'}
hn,48172680,The Four Horsemen of the LLM Apocalypse,https://anarc.at/blog/2026-05-16-four-horsemen/,,,,45,9,,,,,63,,2026-05-18T15:30:51.680153+00:00,{'post_id': '48172680'}
hn,48168198,Apple Silicon costs more than OpenRouter,https://www.williamangel.net/blog/2026/05/17/offline-llm-energy-use.html,,,,326,279,,,,,884,,2026-05-18T15:30:51.683310+00:00,{'post_id': '48168198'}
hn,48172952,Where OpenClaw Security Is Heading,https://openclaw.ai/blog/where-openclaw-security-is-heading,,,,43,19,,,,,81,,2026-05-18T15:30:51.686478+00:00,{'post_id': '48172952'}
hn,48147351,"Mercurial, 20 years and counting: how are we still alive and kicking? [video]",https://fosdem.org/2026/schedule/event/AGWUVH-mercurial-aint-you-dead-yet/,,,,201,235,,,,,671,,2026-05-18T15:30:51.689089+00:00,{'post_id': '48147351'}
hn,48178255,Utah lawmakers form united front in push to ban prediction markets,https://www.theguardian.com/us-news/2026/may/18/you-can-bet-on-it-utah-lawmakers-form-united-front-in-push-to-ban-prediction-markets,,,,92,79,,,,,250,,2026-05-18T15:30:51.693416+00:00,{'post_id': '48178255'}
hn,48141354,Mado: Fast Markdown linter written in Rust,https://github.com/akiomik/mado,,,,62,2,,,,,66,,2026-05-18T15:30:51.697001+00:00,{'post_id': '48141354'}
hn,48173708,Fabricked: Misconfiguring Infinity Fabric to Break AMD SEV-SNP,https://xca-attacks.github.io/fabricked/,,,,51,23,,,,,97,,2026-05-18T15:30:51.700514+00:00,{'post_id': '48173708'}
hn,48174808,Most Americans don't trust AI – or the people in charge of it (2025),https://www.theverge.com/ai-artificial-intelligence/644853/pew-gallup-data-americans-dont-trust-ai,,,,118,80,,,,,278,,2026-05-18T15:30:51.703703+00:00,{'post_id': '48174808'}
hn,48174465,Reverse engineering Android malware from popular Chinese projectors,https://zanestjohn.com/blog/reing-with-claude-code,,,,67,12,,,,,91,,2026-05-18T15:30:51.707464+00:00,{'post_id': '48174465'}
hn,48173547,The History of ThinkPad: From IBM’s Bento Box to Lenovo’s AI Workstations,https://www.jdhodges.com/blog/thinkpad-history/,,,,106,51,,,,,208,,2026-05-18T15:30:51.710623+00:00,{'post_id': '48173547'}
hn,48174516,Museum of Imaginary Musical Instruments,https://imaginaryinstruments.org/,,,,10,0,,,,,10,,2026-05-18T15:30:51.714862+00:00,{'post_id': '48174516'}
hn,48156596,Schanuel's Conjecture and the Semantics of Triton's FPSan,https://cp4space.hatsya.com/2026/05/03/schanuels-conjecture-and-the-semantics-of-fpsan/,,,,26,5,,,,,36,,2026-05-18T15:30:51.716965+00:00,{'post_id': '48156596'}
hn,48175637,Étienne Ghys: The Shape of Letters: From Leonardo da Vinci to Donald Knuth,https://www.youtube.com/watch?v=1OIxzewWilc,,,,38,4,,,,,46,,2026-05-18T15:30:51.720736+00:00,{'post_id': '48175637'}
hn,48170799,The occasional ECONNRESET,https://movq.de/blog/postings/2026-05-05/1/POSTING-en.html,,,,114,25,,,,,164,,2026-05-18T15:30:51.723952+00:00,{'post_id': '48170799'}
hn,48142154,Roman Letters,https://romanletters.org/,,,,105,14,,,,,133,,2026-05-18T15:30:51.726595+00:00,{'post_id': '48142154'}
hn,48173849,Design posters showcasing your country's electrical grid,https://github.com/open-energy-transition/grid2poster,,,,91,19,,,,,129,,2026-05-18T15:30:51.729759+00:00,{'post_id': '48173849'}
hn,48171852,University of Arizona students boo Eric Schmidt's AI cheerleading,https://www.theverge.com/ai-artificial-intelligence/932203/university-of-arizona-students-boo-eric-schmidt-ai-commencement,,,,94,1,,,,,96,,2026-05-18T15:30:51.734553+00:00,{'post_id': '48171852'}
hn,48168426,Agentic Trading with Safe Guardrails,https://github.com/ShurikenTrade/shuriken-skills,,,,50,30,,,,,110,,2026-05-18T15:30:51.738889+00:00,{'post_id': '48168426'}
github,knadh/listmonk,knadh/listmonk,https://github.com/knadh/listmonk,"High performance, self-hosted, newsletter and mailing list manager with a modern dashboard. Single binary app.",knadh,Go,422,,20780,422,2161,,4220,,2026-05-18T15:30:53.095432+00:00,{'forks_since': None}
github,cloudreve/cloudreve,cloudreve/cloudreve,https://github.com/cloudreve/cloudreve,"🌩 Self-hosted file management and sharing system, supports multiple storage providers",cloudreve,Go,72,,27740,72,3832,,720,,2026-05-18T15:30:53.099808+00:00,{'forks_since': None}
github,ollama/ollama,ollama/ollama,https://github.com/ollama/ollama,"Get up and running with Kimi-K2.5, GLM-5, MiniMax, DeepSeek, gpt-oss, Qwen, Gemma and other models.",ollama,Go,101,,171691,101,16179,,1010,,2026-05-18T15:30:53.102909+00:00,{'forks_since': None}
github,gastownhall/beads,gastownhall/beads,https://github.com/gastownhall/beads,Beads - A memory upgrade for your coding agent,gastownhall,Go,35,,23808,35,1576,,350,,2026-05-18T15:30:53.106140+00:00,{'forks_since': None}
github,ethereum/EIPs,ethereum/EIPs,https://github.com/ethereum/EIPs,The Ethereum Improvement Proposal repository,ethereum,Go,2,,13861,2,6001,,20,,2026-05-18T15:30:53.109516+00:00,{'forks_since': None}
github,fish2018/pansou,fish2018/pansou,https://github.com/fish2018/pansou,PanSou是一款高性能的网盘资源搜索API服务，支持TG频道和插件搜索。系统设计以性能和可扩展性为核心，支持多频道多插件并发搜索、结果智能排序和网盘类型分类。docker集成前后端，一键启动，开箱即用。仅供学习研究，请勿以各种形式用于盈利目的。,fish2018,Go,21,,13137,21,3148,,210,,2026-05-18T15:30:53.113151+00:00,{'forks_since': None}
github,qdm12/gluetun,qdm12/gluetun,https://github.com/qdm12/gluetun,"VPN client in a thin Docker container for multiple VPN providers, written in Go, and using OpenVPN or Wireguard, DNS over TLS, with a few proxy servers built-in.",qdm12,Go,14,,14269,14,576,,140,,2026-05-18T15:30:53.115202+00:00,{'forks_since': None}
github,tailscale/tailscale,tailscale/tailscale,https://github.com/tailscale/tailscale,"The easiest, most secure way to use WireGuard and 2FA.",tailscale,Go,38,,31695,38,2572,,380,,2026-05-18T15:30:53.119099+00:00,{'forks_since': None}
github,wesm/agentsview,wesm/agentsview,https://github.com/wesm/agentsview,"Local-first session intelligence and analytics for coding agents, supporting Claude Code, Codex, and 14 other agents. Also: 100x faster replacement for ccusage!",wesm,Go,20,,1027,20,133,,200,,2026-05-18T15:30:53.122279+00:00,{'forks_since': None}
github,RezaSi/go-interview-practice,RezaSi/go-interview-practice,https://github.com/RezaSi/go-interview-practice,"Interactive Go Interview Platform - 30+ coding challenges with instant feedback, AI interview simulation, competitive leaderboards, and automated testing. From beginner to advanced levels with real-world scenarios.",RezaSi,Go,27,,2272,27,1078,,270,,2026-05-18T15:30:53.125363+00:00,{'forks_since': None}
github,netbirdio/netbird,netbirdio/netbird,https://github.com/netbirdio/netbird,"Connect your devices into a secure WireGuard®-based overlay network with SSO, MFA and granular access controls.",netbirdio,Go,26,,25310,26,1349,,260,,2026-05-18T15:30:53.127949+00:00,{'forks_since': None}
github,hkdb/aerion,hkdb/aerion,https://github.com/hkdb/aerion,An Open Source Lightweight E-Mail Client,hkdb,Go,25,,449,25,35,,250,,2026-05-18T15:30:53.131056+00:00,{'forks_since': None}
github,canopy-network/canopy,canopy-network/canopy,https://github.com/canopy-network/canopy,The official go implementation of the Canopy Network protocol,canopy-network,Go,46,,11796,46,14968,,460,,2026-05-18T15:30:53.134249+00:00,{'forks_since': None}
github,anthropics/anthropic-sdk-go,anthropics/anthropic-sdk-go,https://github.com/anthropics/anthropic-sdk-go,Access to Anthropic's safety-first language model APIs via Go,anthropics,Go,3,,1040,3,171,,30,,2026-05-18T15:30:53.139560+00:00,{'forks_since': None}
github,Xpl0itU/WiiUDownloader,Xpl0itU/WiiUDownloader,https://github.com/Xpl0itU/WiiUDownloader,Allows to download encrypted wiiu files from nintendo's official servers,Xpl0itU,Go,6,,1812,6,61,,60,,2026-05-18T15:30:53.143726+00:00,{'forks_since': None}
github,haierkeys/fast-note-sync-service,haierkeys/fast-note-sync-service,https://github.com/haierkeys/fast-note-sync-service,"High-performance, low-latency note synchronization, online management, and remote REST API service platform.",haierkeys,Go,14,,1248,14,107,,140,,2026-05-18T15:30:53.147367+00:00,{'forks_since': None}
github,keploy/keploy,keploy/keploy,https://github.com/keploy/keploy,"Open-source platform for creating safe, isolated production sandboxes for API, integration, and E2E testing.",keploy,Go,96,,17333,96,2230,,960,,2026-05-18T15:30:53.149939+00:00,{'forks_since': None}
github,sunface/rust-by-practice,sunface/rust-by-practice,https://github.com/sunface/rust-by-practice,"Learning Rust By Practice, narrowing the gap between beginner and skilled-dev through challenging examples, exercises and projects.",sunface,Rust,22,,14337,22,1176,,220,,2026-05-18T15:30:57.442932+00:00,{'forks_since': None}
github,ast-grep/ast-grep,ast-grep/ast-grep,https://github.com/ast-grep/ast-grep,"⚡A CLI tool for code structural search, lint and rewriting. Written in Rust",ast-grep,Rust,54,,13885,54,364,,540,,2026-05-18T15:30:57.448255+00:00,{'forks_since': None}
github,zeroclaw-labs/zeroclaw,zeroclaw-labs/zeroclaw,https://github.com/zeroclaw-labs/zeroclaw,"Fast, small, and fully autonomous AI personal assistant infrastructure, ANY OS, ANY PLATFORM — deploy anywhere, swap anything 🦀",zeroclaw-labs,Rust,27,,31421,27,4624,,270,,2026-05-18T15:30:57.451483+00:00,{'forks_since': None}
github,huggingface/candle,huggingface/candle,https://github.com/huggingface/candle,Minimalist ML framework for Rust,huggingface,Rust,13,,20290,13,1572,,130,,2026-05-18T15:30:57.454668+00:00,{'forks_since': None}
github,GyulyVGC/sniffnet,GyulyVGC/sniffnet,https://github.com/GyulyVGC/sniffnet,Comfortably monitor your Internet traffic 🕵️‍♂️,GyulyVGC,Rust,39,,37616,39,1517,,390,,2026-05-18T15:30:57.457847+00:00,{'forks_since': None}
github,bevyengine/bevy,bevyengine/bevy,https://github.com/bevyengine/bevy,A refreshingly simple data-driven game engine built in Rust,bevyengine,Rust,19,,46127,19,4568,,190,,2026-05-18T15:30:57.461028+00:00,{'forks_since': None}
github,rust-lang/mdBook,rust-lang/mdBook,https://github.com/rust-lang/mdBook,Create book from markdown files. Like Gitbook but implemented in Rust,rust-lang,Rust,7,,21651,7,1844,,70,,2026-05-18T15:30:57.464188+00:00,{'forks_since': None}
github,nautechsystems/nautilus_trader,nautechsystems/nautilus_trader,https://github.com/nautechsystems/nautilus_trader,Production-grade Rust-native trading engine with deterministic event-driven architecture,nautechsystems,Rust,24,,22771,24,2829,,240,,2026-05-18T15:30:57.467728+00:00,{'forks_since': None}
github,rust-lang/rustfmt,rust-lang/rustfmt,https://github.com/rust-lang/rustfmt,Format Rust code,rust-lang,Rust,3,,6839,3,1016,,30,,2026-05-18T15:30:57.471388+00:00,{'forks_since': None}
github,emilk/egui,emilk/egui,https://github.com/emilk/egui,egui: an easy-to-use immediate mode GUI in Rust that runs on both web and native,emilk,Rust,11,,29098,11,2042,,110,,2026-05-18T15:30:57.474029+00:00,{'forks_since': None}
github,golemcloud/golem,golemcloud/golem,https://github.com/golemcloud/golem,"Golem Cloud is the agent-native platform for building AI agents and distributed applications that never lose state, never duplicate work, and never require you to build infrastructure.",golemcloud,Rust,51,,1565,51,195,,510,,2026-05-18T15:30:57.477729+00:00,{'forks_since': None}
github,pimalaya/himalaya,pimalaya/himalaya,https://github.com/pimalaya/himalaya,CLI to manage emails,pimalaya,Rust,15,,6180,15,189,,150,,2026-05-18T15:30:57.480989+00:00,{'forks_since': None}
github,witnessmenow/ESP32-Cheap-Yellow-Display,witnessmenow/ESP32-Cheap-Yellow-Display,https://github.com/witnessmenow/ESP32-Cheap-Yellow-Display,Building a community around a cheap ESP32 Display with a touch screen,witnessmenow,Rust,9,,3942,9,399,,90,,2026-05-18T15:30:57.484185+00:00,{'forks_since': None}
hn,48180705,I'm a Normie. Can Normies Vibe Code?,https://www.wired.com/story/normie-vibe-code/,,,,4,1,,,,,6,,2026-05-18T15:30:58.205821+00:00,{'post_id': '48180705'}
hn,48155936,Magical Realism: “Northern Exposure” 25 Years Later (2015),https://www.rogerebert.com/streaming/magical-realism-nothern-exposure-25-years-later,,,,134,79,,,,,292,,2026-05-18T15:30:58.210516+00:00,{'post_id': '48155936'}
hn,48157229,A Good Lemma Is Worth a Thousand Theorems (2007),https://sites.math.rutgers.edu/~zeilberg/Opinion82.html,,,,80,14,,,,,108,,2026-05-18T15:30:58.214271+00:00,{'post_id': '48157229'}
hn,48173468,"Two EA-18 fighter jets collide at Mountain Home airshow, pilots ejected safely",https://idahonews.com/news/local/two-f-18-fighter-jets-have-crashed-during-an-airshow-at-mountain-home-air-force-base,,,,235,235,,,,,705,,2026-05-18T15:30:58.216904+00:00,{'post_id': '48173468'}
hn,48168485,CUDA Books,https://github.com/alternbits/awesome-cuda-books,,,,218,56,,,,,330,,2026-05-18T15:30:58.220042+00:00,{'post_id': '48168485'}
hn,48179569,Researchers Wanted Preschool Teachers to Wear Cameras to Train AI,https://www.404media.co/researchers-wanted-preschool-teachers-to-wear-cameras-to-train-ai/,,,,6,0,,,,,6,,2026-05-18T15:30:58.223222+00:00,{'post_id': '48179569'}
hn,48166856,Ksharp – k version 3 Language Interpreter in C#,https://github.com/ERufian/ksharp,,,,48,12,,,,,72,,2026-05-18T15:30:58.225903+00:00,{'post_id': '48166856'}
hn,48140556,Hindenburg’s Smoking Room,https://www.airships.net/hindenburg-smoking-room/,,,,222,180,,,,,582,,2026-05-18T15:30:58.229906+00:00,{'post_id': '48140556'}
hn,48147091,Prolog Basics Explained with Pokémon,https://unplannedobsolescence.com/blog/prolog-basics-pokemon/,,,,267,49,,,,,365,,2026-05-18T15:30:58.233586+00:00,{'post_id': '48147091'}
hn,48149461,"Show HN: Mezz, a curl-able WiFi sandbox for IoT pentesting",https://github.com/ABGEO/mezz,,,,29,9,,,,,47,,2026-05-18T15:30:58.236786+00:00,{'post_id': '48149461'}
hn,48168221,I don't think AI will make your processes go faster,https://frederickvanbrabant.com/blog/2026-05-15-i-dont-think-ai-will-make-your-processes-go-faster/,,,,637,428,,,,,1493,,2026-05-18T15:30:58.239951+00:00,{'post_id': '48168221'}
hn,48133293,High-Entropy Alloy,https://en.wikipedia.org/wiki/High-entropy_alloy,,,,145,24,,,,,193,,2026-05-18T15:30:58.243724+00:00,{'post_id': '48133293'}
hn,48141960,Cannibalistic attacks between gray seals leave telltale “corkscrew” injuries,https://www.science.org/content/article/scientists-id-corkscrew-killer-behind-gruesome-seal-deaths,,,,75,36,,,,,147,,2026-05-18T15:30:58.245310+00:00,{'post_id': '48141960'}
hn,48168159,Trials on veterans suggest ibogaine could provide a new treatment for PTSD,https://www.bbc.com/future/article/20260514-how-hallucinogenic-ibogaine-helps-veterans-overcome-ptsd,,,,105,119,,,,,343,,2026-05-18T15:30:58.249618+00:00,{'post_id': '48168159'}
hn,48160964,Profunctor Equipment in Haskell,https://bartoszmilewski.com/2026/05/16/profunctor-equipment-in-haskell/,,,,36,15,,,,,66,,2026-05-18T15:30:58.252250+00:00,{'post_id': '48160964'}
hn,48177228,Where Are the Vibecoded Photoshops?,https://indiepixel.de/blog/posts/where-are-the-vibecoded-photoshops/,,,,222,293,,,,,808,,2026-05-18T15:30:58.255445+00:00,{'post_id': '48177228'}
hn,48166459,Mozilla to UK regulators: VPNs are essential privacy and security tools,https://blog.mozilla.org/netpolicy/2026/05/15/mozilla-to-uk-regulators-vpns-are-essential-privacy-and-security-tools-and-should-not-be-undermined/,,,,783,338,,,,,1459,,2026-05-18T15:30:58.258057+00:00,{'post_id': '48166459'}
hn,48179219,The era of free money may have ended,https://www.reuters.com/commentary/reuters-open-interest/g7-long-bond-stress-intensifies-2026-05-13/,,,,14,1,,,,,16,,2026-05-18T15:30:58.262318+00:00,{'post_id': '48179219'}
hn,48148351,Graphing Scientific Calculator Based on the ESP32,https://github.com/El-EnderJ/NeoCalculator,,,,28,9,,,,,46,,2026-05-18T15:30:58.265479+00:00,{'post_id': '48148351'}
hn,48148766,The SGI Buyer's Guide (2003),https://hardware.majix.org/computers/sgi/buyers-guide.shtml,,,,38,21,,,,,80,,2026-05-18T15:30:58.267564+00:00,{'post_id': '48148766'}
hn,48177283,Ebola outbreak with uncommon strain erupts in Congo and Uganda; 65 deaths,https://arstechnica.com/health/2026/05/ebola-outbreak-confirmed-in-congo-and-uganda-246-suspected-cases-65-deaths/,,,,18,4,,,,,26,,2026-05-18T15:30:58.271960+00:00,{'post_id': '48177283'}
hn,48172505,VoIP brings back old-fashioned pay phones to rural Vermont (2025),https://spectrum.ieee.org/payphone-voip,,,,162,56,,,,,274,,2026-05-18T15:30:58.275179+00:00,{'post_id': '48172505'}
hn,48168626,AI is a technology not a product,https://daringfireball.net/2026/05/ai_is_technology_not_a_product,,,,439,192,,,,,823,,2026-05-18T15:30:58.278353+00:00,{'post_id': '48168626'}
hn,48155185,How diamonds are made,https://diamond.jaydip.me/,,,,98,60,,,,,218,,2026-05-18T15:30:58.281009+00:00,{'post_id': '48155185'}
hn,48168058,"Native all the way, until you need text",https://justsitandgrin.im/posts/native-all-the-way-until-you-need-text/,,,,437,287,,,,,1011,,2026-05-18T15:30:58.284688+00:00,{'post_id': '48168058'}
hn,48180438,The Rage of the Billionaires Is Coming,https://www.thebignewsletter.com/p/monopoly-round-up-the-rage-of-the,,,,8,1,,,,,10,,2026-05-18T15:30:58.287300+00:00,{'post_id': '48180438'}
hn,48170118,Don’t Outsource the Learning,https://addyosmani.com/blog/dont-outsource-learning/,,,,83,37,,,,,157,,2026-05-18T15:30:58.291032+00:00,{'post_id': '48170118'}
hn,48179677,Show HN: Files.md – Open-source alternative to Obsidian,https://github.com/zakirullin/files.md,,,,179,96,,,,,371,,2026-05-18T15:31:08.484046+00:00,{'post_id': '48179677'}
hn,48180204,"1024000^2 Blocks, 2B2T Minecraft Server World Download Project, and Discoveries",https://github.com/2b2tplace/1m_release,,,,30,19,,,,,68,,2026-05-18T15:31:08.488436+00:00,{'post_id': '48180204'}
hn,48163389,The Quiet Renovation at Bitwarden,https://blog.ppb1701.com/the-quiet-renovation-at-bitwarden,,,,32,18,,,,,68,,2026-05-18T15:31:08.491689+00:00,{'post_id': '48163389'}
hn,48180091,"Actually, Democracy Dies in H.R.",https://www.nytimes.com/2026/05/18/world/americas/actually-democracy-dies-in-hr.html,,,,70,23,,,,,116,,2026-05-18T15:31:08.494853+00:00,{'post_id': '48180091'}
hn,48179183,'We mould trees to grow into the shape of chairs',https://www.bbc.co.uk/news/articles/cvg0yy3gp71o,,,,93,28,,,,,149,,2026-05-18T15:31:08.497445+00:00,{'post_id': '48179183'}
hn,48151990,The Aperiodic Table,https://blog.jgc.org/2026/05/the-aperiodic-table.html,,,,39,9,,,,,57,,2026-05-18T15:31:08.500641+00:00,{'post_id': '48151990'}
hn,48178692,Linux security mailing list 'almost unmanageable',https://www.theregister.com/security/2026/05/18/linus-torvalds-says-ai-powered-bug-hunters-have-made-linux-security-mailing-list-almost-entirely-unmanageable/5241633,,,,115,48,,,,,211,,2026-05-18T15:31:08.503312+00:00,{'post_id': '48178692'}
hn,48179029,"Enough with the AI FOMO, go slow-mo, says Domo CDO",https://www.theregister.com/ai-ml/2026/05/17/enough-with-the-ai-fomo-go-slow-mo-says-domo-cdo/5240840,,,,92,42,,,,,176,,2026-05-18T15:31:08.506588+00:00,{'post_id': '48179029'}
hn,48135096,Math Jokes in Alice in Wonderland,https://storica.club/blog/alice-is-math-jokes/,,,,73,35,,,,,143,,2026-05-18T15:31:08.509222+00:00,{'post_id': '48135096'}
hn,48167177,Porting my 3D points renderer on a ZX Spectrum 48K,https://github.com/ttsiodras/3D-on-a-ZX-Spectrum-48K/,,,,52,7,,,,,66,,2026-05-18T15:31:08.512372+00:00,{'post_id': '48167177'}
hn,48173429,GenCAD,https://gencad.github.io/,,,,395,104,,,,,603,,2026-05-18T15:31:08.514999+00:00,{'post_id': '48173429'}
hn,48175140,It is time to give up the dualism introduced by the debate on consciousness,https://www.noemamag.com/there-is-no-hard-problem-of-consciousness/,,,,195,508,,,,,1211,,2026-05-18T15:31:08.517539+00:00,{'post_id': '48175140'}
hn,48178184,Show HN: Auto-identity-remove – Automated data broker opt-out runner for macOS,https://github.com/stephenlthorn/auto-identity-remove,,,,293,114,,,,,521,,2026-05-18T15:31:08.522126+00:00,{'post_id': '48178184'}
hn,48177300,The foundations of a provably secure operating system (PSOS) (1979) [pdf],http://www.csl.sri.com/users/neumann/psos.pdf,,,,80,47,,,,,174,,2026-05-18T15:31:08.525943+00:00,{'post_id': '48177300'}
hn,48178510,When Kierkegaard Got Cancelled,https://www.plough.com/en/topics/faith/discipleship/when-kierkegaard-got-cancelled,,,,12,6,,,,,24,,2026-05-18T15:31:08.529646+00:00,{'post_id': '48178510'}
hn,48155450,Crystals found inside wreckage from the first nuclear bomb test,https://www.scientificamerican.com/article/strange-crystals-found-inside-wreckage-from-the-first-nuclear-bomb-test/,,,,133,60,,,,,253,,2026-05-18T15:31:08.532814+00:00,{'post_id': '48155450'}
hn,48178378,Voice AI Systems Are Vulnerable to Hidden Audio Attacks,https://spectrum.ieee.org/voice-ai-audio-attacks,,,,9,1,,,,,11,,2026-05-18T15:31:08.535952+00:00,{'post_id': '48178378'}
hn,48168668,I turned a $80 RK3562 Android tablet into a Debian Linux workstation,https://github.com/tech4bot/rk3562deb,,,,413,209,,,,,831,,2026-05-18T15:31:08.539185+00:00,{'post_id': '48168668'}
hn,48179732,Project Glasswing: what Mythos showed us,https://blog.cloudflare.com/cyber-frontier-models/,,,,10,0,,,,,10,,2026-05-18T15:31:08.542590+00:00,{'post_id': '48179732'}
hn,48179021,AI eats the world (Spring 26) [pdf],https://static1.squarespace.com/static/50363cf324ac8e905e7df861/t/6a0af5d0484fbf5fe9a7743e/1779103184855/2026-Spring-AI.pdf,,,,117,63,,,,,243,,2026-05-18T15:31:08.546020+00:00,{'post_id': '48179021'}
hn,48177163,Don't Answer the First Question,https://lalitm.com/post/dont-answer-the-first-question/,,,,33,19,,,,,71,,2026-05-18T15:31:08.549183+00:00,{'post_id': '48177163'}
hn,48180881,"What ""Amazon Supply Chain Services"" Tells Us About What Amazon Is",https://gadallon.substack.com/p/the-third-time-amazon-did-this-what,,,,4,0,,,,,4,,2026-05-18T15:31:08.552993+00:00,{'post_id': '48180881'}
hn,48152754,Ask an Astronaut: 333 hours of Q&A footage with astronauts,https://askanastronaut.issinrealtime.org/,,,,178,22,,,,,222,,2026-05-18T15:31:08.556132+00:00,{'post_id': '48152754'}
hn,48169874,Show HN: Semble – Code search for agents that uses 98% fewer tokens than grep,https://github.com/MinishLab/semble,,,,397,132,,,,,661,,2026-05-18T15:31:08.559329+00:00,{'post_id': '48169874'}
hn,48151251,Jank now has its own custom IR,https://jank-lang.org/blog/2026-05-08-optimization/,,,,187,36,,,,,259,,2026-05-18T15:31:08.561914+00:00,{'post_id': '48151251'}
hn,48150690,Build a Radio Wave Detector with Balls of Aluminum Foil,https://www.wired.com/story/build-a-radio-wave-detector-with-balls-of-aluminum-foil/,,,,45,15,,,,,75,,2026-05-18T15:31:08.565138+00:00,{'post_id': '48150690'}
hn,48177716,NASA still maintains some of the Voyager spacecraft code from the 70s era,https://spacedaily.com/nasa-still-maintains-some-of-the-voyager-spacecraft-code-in-a-1970s-era-programming-language-that-almost-nobody-on-earth-fully-understands-anymore-and-the-handful-of-engineers-who-do-are-now-in-their/,,,,50,51,,,,,152,,2026-05-18T15:31:08.568362+00:00,{'post_id': '48177716'}
hn,48173962,WriteUp: 16 Bytes of x86 that turn Matrix rain into sound,https://hellmood.111mb.de//wake_up_16b_writeup.html,,,,175,31,,,,,237,,2026-05-18T15:31:08.571020+00:00,{'post_id': '48173962'}
hn,48173268,Prolog Coding Horror,https://www.metalevel.at/prolog/horror,,,,172,67,,,,,306,,2026-05-18T15:31:08.574174+00:00,{'post_id': '48173268'}
hn,48176762,Why is Google Maps back to showing old satellite images of Altadena?,https://www.reddit.com/r/pasadena/s/94BHlkE84r,,,,88,40,,,,,168,,2026-05-18T15:31:08.577327+00:00,{'post_id': '48176762'}
arxiv,2605.16250,A Generative AI Framework for Intelligent Utility Billing CO 2 Analytics and Sustainable Resource Optimisation,https://arxiv.org/abs/2605.16250,,Pavan Manjunath; Thomas Pruefer,,,,,,,,0,2026-05-18T00:00:00+00:00,2026-05-18T15:32:46.355536+00:00,{'paper_id': '2605.16250'}
arxiv,2605.16232,"A Unified Generative-AI Framework for Smart Energy Infrastructure: Intelligent Gas Distribution, Utility Billing, Carbon Analytics, and Quantum-Inspired Optimisation",https://arxiv.org/abs/2605.16232,,Pavan Manjunath; Thomas pruefer,,,,,,,,0,2026-05-18T00:00:00+00:00,2026-05-18T15:32:46.362489+00:00,{'paper_id': '2605.16232'}
arxiv,2605.16222,Artificial Aphasias in Lesioned Language Models,https://arxiv.org/abs/2605.16222,,Nathan Roll; Jill Kries; Laura Gwilliams; Cory Shain,,,,,,,,0,2026-05-18T00:00:00+00:00,2026-05-18T15:32:46.366704+00:00,{'paper_id': '2605.16222'}
arxiv,2605.16217,Argus: Evidence Assembly for Scalable Deep Research Agents,https://arxiv.org/abs/2605.16217,,Zhen Zhang; Liangcai Su; Zhuo Chen; Xiang Lin; Haotian Xu; Simon Shaolei Du; Kaiyu Yang; Bo An; Lidong Bing; Xinyu Wang,,,,,,,,0,2026-05-18T00:00:00+00:00,2026-05-18T15:32:46.370387+00:00,{'paper_id': '2605.16217'}
arxiv,2605.16193,Improving Cross-Cultural Survey Simulation with Calibrated Value Personas,https://arxiv.org/abs/2605.16193,,Axel Abels; Elias Fernandez Domingos; Apurva Shah; Tom Lenaerts,,,,,,,,0,2026-05-18T00:00:00+00:00,2026-05-18T15:32:46.374651+00:00,{'paper_id': '2605.16193'}
arxiv,2605.16191,Optimized Three-Dimensional Photovoltaic Structures with LLM guided Tree Search,https://arxiv.org/abs/2605.16191,,Michael P. Brenner; Lizzie Dorfman; John C. Platt,,,,,,,,0,2026-05-18T00:00:00+00:00,2026-05-18T15:32:46.378313+00:00,{'paper_id': '2605.16191'}
arxiv,2605.16117,SGR: A Stepwise Reasoning Framework for LLMs with External Subgraph Generation,https://arxiv.org/abs/2605.16117,,Xin Zhang; Yang Cao; Baoxing Wu; Kai Song; Siying Li,,,,,,,,0,2026-05-18T00:00:00+00:00,2026-05-18T15:32:46.382491+00:00,{'paper_id': '2605.16117'}
arxiv,2605.16113,DebiasRAG: A Tuning-Free Path to Fair Generation in Large Language Models through Retrieval-Augmented Generation,https://arxiv.org/abs/2605.16113,,Rui Chu; Bingyin Zhao; Thanh Quoc Hung Le; Duy Cao Hoang; Huawei Lin; Ping Li; Weijie Zhao; Khoa D Doan; Yingjie Lao,,,,,,,,0,2026-05-18T00:00:00+00:00,2026-05-18T15:32:46.386180+00:00,{'paper_id': '2605.16113'}
arxiv,2605.16107,Multi-Level Contextual Token Relation Modeling for Machine-Generated Text Detection,https://arxiv.org/abs/2605.16107,,Chenwang Wu; Yiuming Cheung; Bo Han; Shuhai Zhang; Defu Lian,,,,,,,,0,2026-05-18T00:00:00+00:00,2026-05-18T15:32:46.389788+00:00,{'paper_id': '2605.16107'}
arxiv,2605.16077,Can Large Language Models Imitate Human Speech for Clinical Assessment? LLM-Driven Data Augmentation for Cognitive Score Prediction,https://arxiv.org/abs/2605.16077,,Si-Belkacem Yamine Ketir; Lenard Paulo Tamayo; Shohei Hisada; Shaowen Peng; Shoko Wakamiya; Eiji Aramaki,,,,,,,,0,2026-05-18T00:00:00+00:00,2026-05-18T15:32:46.393981+00:00,{'paper_id': '2605.16077'}
arxiv,2605.16045,RecMem: Recurrence-based Memory Consolidation for Efficient and Effective Long-Running LLM Agents,https://arxiv.org/abs/2605.16045,,Zijie Dai; Shiyuan Deng; Sheng Guan; Yizhou Tian; Xin Yao; Xiao Yan; James Cheng,,,,,,,,0,2026-05-18T00:00:00+00:00,2026-05-18T15:32:46.397585+00:00,{'paper_id': '2605.16045'}
arxiv,2605.16026,From Flat Language Labels to Typological Priors: Structured Language Conditioning for Multilingual Speech-to-Speech Translation,https://arxiv.org/abs/2605.16026,,Yu Pan; Yang Hou; Xiongfei Wu; Liang Zhang; Yves Le Traon; Lei Ma; Jianjun Zhao,,,,,,,,0,2026-05-18T00:00:00+00:00,2026-05-18T15:32:46.401230+00:00,{'paper_id': '2605.16026'}
arxiv,2605.16023,Judge Circuits,https://arxiv.org/abs/2605.16023,,Nils Feldhus; Tanja Baeumel; Elena Golimblevskaia; Qianli Wang; Van Bach Nguyen; Aaron Louis Eidt; Christopher Ebert; Wojciech Samek; Jing Yang; Vera Schmitt; Sebastian Möller; Simon Ostermann,,,,,,,,0,2026-05-18T00:00:00+00:00,2026-05-18T15:32:46.405531+00:00,{'paper_id': '2605.16023'}
arxiv,2605.16011,Can Vision Language Models Be Adaptive in Mathematics Education? A Learner Model-based Rubric Study,https://arxiv.org/abs/2605.16011,,Jie Gao; Yongan Yu; Junzhu Su; Yiran Lin; Adam K. Dube; Jackie Chi Kit Cheung,,,,,,,,0,2026-05-18T00:00:00+00:00,2026-05-18T15:32:46.409214+00:00,{'paper_id': '2605.16011'}
arxiv,2605.15990,Defining Cultural Capabilities for AI Evaluation: A Taxonomy Grounded in Intercultural Communication Theory,https://arxiv.org/abs/2605.15990,,Isar Nejadgholi; Masoud Kianpour; Krishnapriya Vishnubhotla; Maryam Molamohamadi,,,,,,,,0,2026-05-18T00:00:00+00:00,2026-05-18T15:32:46.412933+00:00,{'paper_id': '2605.15990'}
arxiv,2605.15978,Ontology for Policing: Conceptual Knowledge Learning for Semantic Understanding and Reasoning in Law Enforcement Reports,https://arxiv.org/abs/2605.15978,,Anita Srbinovska; Jansen Orfan; Adrian Martin; Ernest Fokoué,,,,,,,,0,2026-05-18T00:00:00+00:00,2026-05-18T15:32:46.416805+00:00,{'paper_id': '2605.15978'}
arxiv,2605.15976,Reference-Free Reinforcement Learning Fine-Tuning for MT: A Seq2Seq Perspective,https://arxiv.org/abs/2605.15976,,Ernesto Garcia-Estrada; Carlos Escolano; José A. R. Fonallosa,,,,,,,,0,2026-05-18T00:00:00+00:00,2026-05-18T15:32:46.420579+00:00,{'paper_id': '2605.15976'}
arxiv,2605.15913,Towards Generalization of Block Attention via Automatic Segmentation and Block Distillation,https://arxiv.org/abs/2605.15913,,Shuaiyi Li; Zhisong Zhang; Yan Wang; Lei Zhu; Dongyang Ma; Chenlong Deng; Yang Deng; Wai Lam,,,,,,,,0,2026-05-18T00:00:00+00:00,2026-05-18T15:32:46.424321+00:00,{'paper_id': '2605.15913'}
arxiv,2605.15886,Linked Multi-Model Data on Russian Domestic and Foreign Policy Speeches,https://arxiv.org/abs/2605.15886,,Daria Blinova; Gayathri Emuru; Rakesh Emuru; Kushagradheer Shridheer Srivastava; Mina Rulis; Sunita Chandrasekaran; Benjamin E. Bagozzi,,,,,,,,0,2026-05-18T00:00:00+00:00,2026-05-18T15:32:46.428025+00:00,{'paper_id': '2605.15886'}
arxiv,2605.15794,ForMaT: Dataset for Visually-Grounded Multilingual PDF Translation,https://arxiv.org/abs/2605.15794,,Michał Ciesiółka; Dawid Wiśniewski; Adrian Charkiewicz; Kamil Guttmann,,,,,,,,0,2026-05-18T00:00:00+00:00,2026-05-18T15:32:46.431738+00:00,{'paper_id': '2605.15794'}
arxiv,2605.15763,CompactQE: Interpretable Translation Quality Estimation via Small Open-Weight LLMs,https://arxiv.org/abs/2605.15763,,Kamil Guttmann; Zofia Fraś; Artur Nowakowski; Krzysztof Jassem,,,,,,,,0,2026-05-18T00:00:00+00:00,2026-05-18T15:32:46.435749+00:00,{'paper_id': '2605.15763'}
arxiv,2605.15759,DimMem: Dimensional Structuring for Efficient Long-Term Agent Memory,https://arxiv.org/abs/2605.15759,,Wentao Qiu; Haotian Hu; Fanyi Wang; Jinwei Kong; Yu Zhang,,,,,,,,0,2026-05-18T00:00:00+00:00,2026-05-18T15:32:46.439984+00:00,{'paper_id': '2605.15759'}
arxiv,2605.15721,Contexting as Recommendation: Evolutionary Collaborative Filtering for Context Engineering,https://arxiv.org/abs/2605.15721,,Jiachen Zhu; Zhuoying Ou; Congmin Zheng; Yuxiang Chen; Zeyu Zheng; Rong Shan; Lingyu Yang; Lionel Z. Wang; Weiwen Liu; Yong Yu; Weinan Zhang; Jianghao Lin,,,,,,,,0,2026-05-18T00:00:00+00:00,2026-05-18T15:32:46.444215+00:00,{'paper_id': '2605.15721'}
arxiv,2605.15710,SMMBench: A Benchmark for Source-Distributed Multimodal Agent Memory,https://arxiv.org/abs/2605.15710,,Huacan Chai; Yukai Wang; Yingxuan Yang; Dan Peng; Yuanyi Song; Zhihui Fu; Weiwen Liu; Jianghao Lin; Jun Wang; Weinan Zhang,,,,,,,,0,2026-05-18T00:00:00+00:00,2026-05-18T15:32:46.447896+00:00,{'paper_id': '2605.15710'}
arxiv,2605.15701,H-Mem: A Novel Memory Mechanism for Evolving and Retrieving Agent Memory via a Hybrid Structure,https://arxiv.org/abs/2605.15701,,Jiawei Yu; Yixiang Fang; Xilin Liu; Yuchi Ma,,,,,,,,0,2026-05-18T00:00:00+00:00,2026-05-18T15:32:46.451723+00:00,{'paper_id': '2605.15701'}
arxiv,2605.15687,ASRU: Activation Steering Meets Reinforcement Unlearning for Multimodal Large Language Models,https://arxiv.org/abs/2605.15687,,Jiahui Guang; Yingjie Zhu; Cuiyun Gao; Haiyan Wang; Jing Li; Di Shao; Zhaoquan Gu,,,,,,,,0,2026-05-18T00:00:00+00:00,2026-05-18T15:32:46.454831+00:00,{'paper_id': '2605.15687'}
arxiv,2605.15680,Few-Shot Large Language Models for Actionable Triage Categorization of Online Patient Inquiries,https://arxiv.org/abs/2605.15680,,Liqi Zhou; Jiafu Li,,,,,,,,0,2026-05-18T00:00:00+00:00,2026-05-18T15:32:46.458500+00:00,{'paper_id': '2605.15680'}
arxiv,2605.15677,VCG-Bench: Towards A Unified Visual-Centric Benchmark for Structured Generation and Editing,https://arxiv.org/abs/2605.15677,,Xiaoyan Su; Peijie Dong; Zhenheng Tang; Song Tang; Yuyao Zhai; Kaitao Lin; Liang Chen; Gai Yuhang; Yuyu Luo; Qiang Wang; Xiaowen Chu,,,,,,,,0,2026-05-18T00:00:00+00:00,2026-05-18T15:32:46.462195+00:00,{'paper_id': '2605.15677'}
arxiv,2605.15676,Dynamic Chunking for Diffusion Language Models,https://arxiv.org/abs/2605.15676,,Yichen Zhu; Xiaoming Shi; Peng Zhao; Weiyu Chen; Debing Zhang; James Kwok,,,,,,,,0,2026-05-18T00:00:00+00:00,2026-05-18T15:32:46.465973+00:00,{'paper_id': '2605.15676'}
arxiv,2605.15635,Evaluating Chinese Ambiguity Understanding in Large Language Models,https://arxiv.org/abs/2605.15635,,Junwen Mo; Yuanzhi Lu; Yifang Xue; Ke Xu; Hideki Nakayama,,,,,,,,0,2026-05-18T00:00:00+00:00,2026-05-18T15:32:46.470151+00:00,{'paper_id': '2605.15635'}
arxiv,2605.15613,Toward LLMs Beyond English-Centric Development,https://arxiv.org/abs/2605.15613,,Sho Takase; Ukyo Honda,,,,,,,,0,2026-05-18T00:00:00+00:00,2026-05-18T15:32:46.473777+00:00,{'paper_id': '2605.15613'}
arxiv,2605.15609,PSD: Pushing the Pareto Frontier of Diffusion LLMs via Parallel Speculative Decoding,https://arxiv.org/abs/2605.15609,,Shengyin Sun; Yiming Li; Renxi Liu; Xinqi Li; Hui-Ling Zhen; Weizhe Lin; Chen Chen; Xianzhi Yu; Mingxuan Yuan; Chen Ma,,,,,,,,0,2026-05-18T00:00:00+00:00,2026-05-18T15:32:46.476966+00:00,{'paper_id': '2605.15609'}
arxiv,2605.15607,Syntax Without Semantics: Teaching Large Language Models to Code in an Unseen Language,https://arxiv.org/abs/2605.15607,,Vinayshekhar Bannihatti Kumar; Disha Makhija; Manoj Ghuhan Arivazhagan; Rashmi Gangadharaiah,,,,,,,,0,2026-05-18T00:00:00+00:00,2026-05-18T15:32:46.480736+00:00,{'paper_id': '2605.15607'}
arxiv,2605.15589,MHGraphBench: Knowledge Graph-Grounded Benchmarking of Mental Health Knowledge in Large Language Models,https://arxiv.org/abs/2605.15589,,Weixin Liu; Congning Ni; Shelagh A. Mulvaney; Susannah L. Rose; Murat Kantarcioglu; Bradley A. Malin; Zhijun Yin,,,,,,,,0,2026-05-18T00:00:00+00:00,2026-05-18T15:32:46.483917+00:00,{'paper_id': '2605.15589'}
arxiv,2605.15588,Calibrating LLMs with Semantic-level Reward,https://arxiv.org/abs/2605.15588,,Fengfei Yu; Ruijia Niu; Dongxia Wu; Yian Ma; Rose Yu,,,,,,,,0,2026-05-18T00:00:00+00:00,2026-05-18T15:32:46.487643+00:00,{'paper_id': '2605.15588'}
arxiv,2605.15573,Response-Conditioned Parallel-to-Sequential Orchestration for Multi-Agent Systems,https://arxiv.org/abs/2605.15573,,Nurbek Tastan; Alex Iacob; Lorenzo Sani; Meghdad Kurmanji; Nicholas D. Lane; Samuel Horvath; Karthik Nandakumar,,,,,,,,0,2026-05-18T00:00:00+00:00,2026-05-18T15:32:46.490635+00:00,{'paper_id': '2605.15573'}
arxiv,2605.15572,Measuring Maximum Activations in Open Large Language Models,https://arxiv.org/abs/2605.15572,,Luxuan Chen; Han Tian; Xinran Chen; Rui Kong; Fang Wang; Jiamin Chen; Yuchen Li; Jiashu Zhao; Shuaiqiang Wang; Haoyi Xiong; Dawei Yin,,,,,,,,0,2026-05-18T00:00:00+00:00,2026-05-18T15:32:46.494037+00:00,{'paper_id': '2605.15572'}
arxiv,2605.15562,GiLT: Augmenting Transformer Language Models with Dependency Graphs,https://arxiv.org/abs/2605.15562,,Tianyu Huang; Yida Zhao; Chuyan Zhou; Kewei Tu,,,,,,,,0,2026-05-18T00:00:00+00:00,2026-05-18T15:32:46.497753+00:00,{'paper_id': '2605.15562'}
arxiv,2605.15557,When Latent Geometry Is Not Enough: Draft-Conditioned Latent Refinement for Non-Autoregressive Text Generation,https://arxiv.org/abs/2605.15557,,De Shuai Zhang,,,,,,,,0,2026-05-18T00:00:00+00:00,2026-05-18T15:32:46.501433+00:00,{'paper_id': '2605.15557'}
arxiv,2605.15529,Process Rewards with Learned Reliability,https://arxiv.org/abs/2605.15529,,Jinyuan Li; Langlin Huang; Chengsong Huang; Shaoyang Xu; Donghong Cai; Yuyi Yang; Wenxuan Zhang; Jiaxin Huang,,,,,,,,0,2026-05-18T00:00:00+00:00,2026-05-18T15:32:46.505181+00:00,{'paper_id': '2605.15529'}
arxiv,2605.15518,DetectRL-X: Towards Reliable Multilingual and Real-World LLM-Generated Text Detection,https://arxiv.org/abs/2605.15518,,Junchao Wu; Yefeng Liu; Chenyu Zhu; Hao Zhang; Zeyu Wu; Tianqi Shi; Yichao Du; Longyue Wang; Weihua Luo; Jinsong Su; Derek F. Wong,,,,,,,,0,2026-05-18T00:00:00+00:00,2026-05-18T15:32:46.507834+00:00,{'paper_id': '2605.15518'}
arxiv,2605.15514,"RoPE Distinguishes Neither Positions Nor Tokens in Long Contexts, Provably",https://arxiv.org/abs/2605.15514,,Yufeng Du; Phillip Harris; Minyang Tian; Eliu A Huerta; Srikanth Ronanki; Subendhu Rongali; Aram Galstyan; Hao Peng,,,,,,,,0,2026-05-18T00:00:00+00:00,2026-05-18T15:32:46.512449+00:00,{'paper_id': '2605.15514'}
arxiv,2605.15482,FINESSE-Bench: A Hierarchical Benchmark Suite for Financial Domain Knowledge and Technical Analysis in Large Language Models,https://arxiv.org/abs/2605.15482,,Dmitry Stanishevskii; Nini Kamkia; Alexey Khoroshilov; Dmitry Zmitrovich; Denis Kokosinskii; Zhirayr Hayrapetyan; Andrei Kalmykov,,,,,,,,0,2026-05-18T00:00:00+00:00,2026-05-18T15:32:46.515594+00:00,{'paper_id': '2605.15482'}
arxiv,2605.15467,Retrieval-Augmented Large Language Models for Schema-Constrained Clinical Information Extraction,https://arxiv.org/abs/2605.15467,,A H M Rezaul Karim; Ozlem Uzuner,,,,,,,,0,2026-05-18T00:00:00+00:00,2026-05-18T15:32:46.519280+00:00,{'paper_id': '2605.15467'}
arxiv,2605.15454,"Reasoning Models Don't Just Think Longer, They Move Differently",https://arxiv.org/abs/2605.15454,,Anders Gjølbye; Lars Kai Hansen; Sanmi Koyejo,,,,,,,,0,2026-05-18T00:00:00+00:00,2026-05-18T15:32:46.522424+00:00,{'paper_id': '2605.15454'}
arxiv,2605.15440,Why are language models less surprised than humans? Testing the Parse Multiplicity Mismatch Hypothesis,https://arxiv.org/abs/2605.15440,,William Timkey; Brian Dillon; Tal Linzen,,,,,,,,0,2026-05-18T00:00:00+00:00,2026-05-18T15:32:46.526240+00:00,{'paper_id': '2605.15440'}
arxiv,2605.15436,Neural Activation Patterns Across Language Model Architectures: A Comprehensive Analysis of Cognitive Task Performance,https://arxiv.org/abs/2605.15436,,Mahdi Naser-Moghadasi; Faezeh Ghaderi,,,,,,,,0,2026-05-18T00:00:00+00:00,2026-05-18T15:32:46.529584+00:00,{'paper_id': '2605.15436'}
arxiv,2605.15404,Capability Conditioned Scaffolding for Professional Human LLM Collaboration,https://arxiv.org/abs/2605.15404,,Sen Yang; Yinglei Ma,,,,,,,,0,2026-05-18T00:00:00+00:00,2026-05-18T15:32:46.533434+00:00,{'paper_id': '2605.15404'}
arxiv,2605.15380,Eskwai for Students: Generative AI Assistant for Legal Education in Ghana,https://arxiv.org/abs/2605.15380,,George Boateng; Philemon Badu; Patrick Agyeman-Budu; Samuel Ansah; Evans Atompoya; Evan Igwilo; Lord Baah; Frederick Abu-Bonsrah; Victor Wumbor-Apin Kumbol,,,,,,,,0,2026-05-18T00:00:00+00:00,2026-05-18T15:32:46.537282+00:00,{'paper_id': '2605.15380'}
arxiv,2605.15376,Adesua: Development and Feasibility Study of an AI WhatsApp Bot for Science Learning in West Africa,https://arxiv.org/abs/2605.15376,,George Boateng; Evans Atompoya; Philemon Badu; Samuel John; Samuel Ansah; Patrick Agyeman-Budu; Victor Wumbor-Apin Kumbol,,,,,,,,0,2026-05-18T00:00:00+00:00,2026-05-18T15:32:46.541000+00:00,{'paper_id': '2605.15376'}
arxiv,2605.16239,Dynamics-Level Watermarking of Flow Matching Models with Random Codes,https://arxiv.org/abs/2605.16239,,Shuchan Wang,,,,,,,,0,2026-05-18T00:00:00+00:00,2026-05-18T15:32:50.922718+00:00,{'paper_id': '2605.16239'}
arxiv,2605.16234,Layer Equivalence Is Not a Property of Layers Alone: How You Test Redundancy Changes What You Find,https://arxiv.org/abs/2605.16234,,Gabriel Garcia,,,,,,,,0,2026-05-18T00:00:00+00:00,2026-05-18T15:32:50.927301+00:00,{'paper_id': '2605.16234'}
arxiv,2605.16219,The Privacy Price of Tail-Risk Learning: Effective Tail Sample Size in Differentially Private CVaR Optimization,https://arxiv.org/abs/2605.16219,,El Mustapha Mansouri,,,,,,,,0,2026-05-18T00:00:00+00:00,2026-05-18T15:32:50.930460+00:00,{'paper_id': '2605.16219'}
arxiv,2605.16211,Hypothesis-driven construction of mesoscopic dynamics,https://arxiv.org/abs/2605.16211,,Zhuoyuan Li; Aiqing Zhu; Qianxiao Li,,,,,,,,0,2026-05-18T00:00:00+00:00,2026-05-18T15:32:50.935278+00:00,{'paper_id': '2605.16211'}
arxiv,2605.16175,Imitation learning for clinical decision support in pediatric ECMO,https://arxiv.org/abs/2605.16175,,Fateme Golivand; Michael Skinner; Saurabh Mathur; Ameet Soni; Phillip Reeder; Kristian Kersting; Lakshmi Raman; Sriraam Natarajan,,,,,,,,0,2026-05-18T00:00:00+00:00,2026-05-18T15:32:50.938941+00:00,{'paper_id': '2605.16175'}
arxiv,2605.16170,BAPR: Bayesian amnesic piecewise-robust reinforcement learning for non-stationary continuous control,https://arxiv.org/abs/2605.16170,,Yifan Zhang; Liang Zheng,,,,,,,,0,2026-05-18T00:00:00+00:00,2026-05-18T15:32:50.943086+00:00,{'paper_id': '2605.16170'}
arxiv,2605.16164,Entropic Auto-Encoding via Implicit Free-Energy Minimization,https://arxiv.org/abs/2605.16164,,Hazhir Aliahmadi; Irina Babayan; Greg van Anders,,,,,,,,0,2026-05-18T00:00:00+00:00,2026-05-18T15:32:50.946522+00:00,{'paper_id': '2605.16164'}
arxiv,2605.16154,Learn Where Outcomes Diverge: Efficient VLA RL via Probabilistic Chunk Masking,https://arxiv.org/abs/2605.16154,,Vaidehi Bagaria; Nikshep Grampurohit; Pulkit Verma,,,,,,,,0,2026-05-18T00:00:00+00:00,2026-05-18T15:32:50.950838+00:00,{'paper_id': '2605.16154'}
arxiv,2605.16138,Surrogate Neural Architecture Codesign Package (SNAC-Pack),https://arxiv.org/abs/2605.16138,,Jason Weitz; Dmitri Demler; Benjamin Hawks; Aaron Wang; Nhan Tran; Javier Duarte,,,,,,,,0,2026-05-18T00:00:00+00:00,2026-05-18T15:32:50.955105+00:00,{'paper_id': '2605.16138'}
arxiv,2605.16134,Navigating Potholes with Geometry-Aware Sharpness Minimization,https://arxiv.org/abs/2605.16134,,Simon Dufort-Labbé; Mehrab Hamidi; Razvan Pascanu; Ioannis Mitliagkas; Damien Scieur; Aristide Baratin,,,,,,,,0,2026-05-18T00:00:00+00:00,2026-05-18T15:32:50.958806+00:00,{'paper_id': '2605.16134'}
arxiv,2605.16126,Entropy Across the Bridge: Conditional-Marginal Discretization for Flow and Schrödinger Samplers,https://arxiv.org/abs/2605.16126,,Bruno Trentini; Dejan Stancevic; Michael M. Bronstein; Alexander Tong; Luca Ambrogioni,,,,,,,,0,2026-05-18T00:00:00+00:00,2026-05-18T15:32:50.962518+00:00,{'paper_id': '2605.16126'}
arxiv,2605.16118,Multi-Fidelity Flow Matching: Cascaded Refinement of PDE Solutions,https://arxiv.org/abs/2605.16118,,Sipeng Chen; Junliang Liu; Hewei Tang; Shibo Li,,,,,,,,0,2026-05-18T00:00:00+00:00,2026-05-18T15:32:50.965369+00:00,{'paper_id': '2605.16118'}
arxiv,2605.16112,Attention Dispersion in Dynamic Graph Transformers: Diagnosis and a Transferable Fix,https://arxiv.org/abs/2605.16112,,Jinhao Zhang; Kangfei Zhao; Qiuhao Zeng; Long-Kai Huang,,,,,,,,0,2026-05-18T00:00:00+00:00,2026-05-18T15:32:50.969135+00:00,{'paper_id': '2605.16112'}
arxiv,2605.16099,Federated Imputation under Heterogeneous Feature Spaces,https://arxiv.org/abs/2605.16099,,Imane Hocine; Chaimaa Medjadji; Sylvain Kubler; Gregoire Danoy; Yves Le Traon,,,,,,,,0,2026-05-18T00:00:00+00:00,2026-05-18T15:32:50.972856+00:00,{'paper_id': '2605.16099'}
arxiv,2605.16089,Centralized vs Decentralized Federated Learning: A trade-off performance analysis,https://arxiv.org/abs/2605.16089,,Chaimaa Medjadji; Guilain Leduc; Sylvain Kubler; Yves Le Traon,,,,,,,,0,2026-05-18T00:00:00+00:00,2026-05-18T15:32:50.977078+00:00,{'paper_id': '2605.16089'}
arxiv,2605.16088,Multi-level Self-supervised Pretraining on Compositional Hierarchical Graph for Molecular Property Prediction,https://arxiv.org/abs/2605.16088,,Xiayu Liu; Zhengyi Lu; Hou-biao Li,,,,,,,,0,2026-05-18T00:00:00+00:00,2026-05-18T15:32:50.980800+00:00,{'paper_id': '2605.16088'}
arxiv,2605.16081,MIND: Decoupling Model-Induced Label Noise via Latent Manifold Disentanglement,https://arxiv.org/abs/2605.16081,,Dayong Ren,,,,,,,,0,2026-05-18T00:00:00+00:00,2026-05-18T15:32:50.984268+00:00,{'paper_id': '2605.16081'}
arxiv,2605.16069,ITGPT: Generative Pretraining on Irregular Timeseries,https://arxiv.org/abs/2605.16069,,Antoine Honoré; Ming Xiao,,,,,,,,0,2026-05-18T00:00:00+00:00,2026-05-18T15:32:50.988510+00:00,{'paper_id': '2605.16069'}
arxiv,2605.16067,SAFE Quantum Machine Learning with Variational Quantum Classifiers,https://arxiv.org/abs/2605.16067,,Ying Chen; Paolo Giudici; Vasily Kolesnikov; Paolo Recchia,,,,,,,,0,2026-05-18T00:00:00+00:00,2026-05-18T15:32:50.992761+00:00,{'paper_id': '2605.16067'}
arxiv,2605.16054,Ada-Diffuser: Latent-Aware Adaptive Diffusion for Decision-Making,https://arxiv.org/abs/2605.16054,,Fan Feng; Selena Ge; Minghao Fu; Zijian Li; Yujia Zheng; Zeyu Tang; Yingyao Hu; Biwei Huang; Kun Zhang,,,,,,,,0,2026-05-18T00:00:00+00:00,2026-05-18T15:32:50.997069+00:00,{'paper_id': '2605.16054'}
arxiv,2605.16048,Looped SSMs: Depth-Recurrence and Input Reshaping for Time Series Classification,https://arxiv.org/abs/2605.16048,,Mónika Farsang; Ramin Hasani; Daniela Rus; Radu Grosu,,,,,,,,0,2026-05-18T00:00:00+00:00,2026-05-18T15:32:51.001819+00:00,{'paper_id': '2605.16048'}
arxiv,2605.16030,Mind Dreamer: Untethering Imagination via Active Latent Intervention on Latent Manifolds,https://arxiv.org/abs/2605.16030,,Shaojun Xu; Xiaoling Zhou; Yihan Lin; Yapeng Meng; Xinglong Ji; Luping Shi; Rong Zhao,,,,,,,,0,2026-05-18T00:00:00+00:00,2026-05-18T15:32:51.005740+00:00,{'paper_id': '2605.16030'}
arxiv,2605.16020,Variational Autoregressive Networks with probability priors,https://arxiv.org/abs/2605.16020,,Piotr Białas; Piotr Korcyl; Tomasz Stebel; Dawid Zapolski,,,,,,,,0,2026-05-18T00:00:00+00:00,2026-05-18T15:32:51.008910+00:00,{'paper_id': '2605.16020'}
arxiv,2605.16017,Accelerated Gradient Descent for Faster Convergence with Minimal Overhead,https://arxiv.org/abs/2605.16017,,Manuel Graca; L. Miguel Silveira; Arlindo Oliveira; Frank Liu,,,,,,,,0,2026-05-18T00:00:00+00:00,2026-05-18T15:32:51.013238+00:00,{'paper_id': '2605.16017'}
arxiv,2605.15995,Constrained latent state modeling: A unifying perspective on representation learning under competing constraints,https://arxiv.org/abs/2605.15995,,Gwenolé Quellec,,,,,,,,0,2026-05-18T00:00:00+00:00,2026-05-18T15:32:51.016936+00:00,{'paper_id': '2605.15995'}
arxiv,2605.15965,Entropy-Based Characterisation of the Polarised Regime in Latent Variable Models,https://arxiv.org/abs/2605.15965,,Peter Clapham; Lisa Bonheme; Marek Grzes,,,,,,,,0,2026-05-18T00:00:00+00:00,2026-05-18T15:32:51.020959+00:00,{'paper_id': '2605.15965'}
arxiv,2605.15959,When and Why Adversarial Training Improves PINNs: A Neural Tangent Kernel Perspective,https://arxiv.org/abs/2605.15959,,Yuan-dong Cao; Chi Chiu SO; Jun-Min Wang; He Wang,,,,,,,,0,2026-05-18T00:00:00+00:00,2026-05-18T15:32:51.024145+00:00,{'paper_id': '2605.15959'}
arxiv,2605.15937,A Retrieval-Enhanced Transformer for Multi-Step Port-of-Call Sequence Prediction in Global Liner Shipping,https://arxiv.org/abs/2605.15937,,Yanzhao Su; Fang He; Yineng Wang,,,,,,,,0,2026-05-18T00:00:00+00:00,2026-05-18T15:32:51.028023+00:00,{'paper_id': '2605.15937'}
arxiv,2605.15916,LoCO: Low-rank Compositional Rotation Fine-tuning,https://arxiv.org/abs/2605.15916,,An Nguyen; Jaesik Choi; Anh Tong,,,,,,,,0,2026-05-18T00:00:00+00:00,2026-05-18T15:32:51.031187+00:00,{'paper_id': '2605.15916'}
arxiv,2605.15904,Context-aware Entity-Relation Extraction for Threat Intelligence Knowledge Graphs,https://arxiv.org/abs/2605.15904,,Inoussa Mouiche; sherif Saad,,,,,,,,0,2026-05-18T00:00:00+00:00,2026-05-18T15:32:51.034939+00:00,{'paper_id': '2605.15904'}
arxiv,2605.15901,From Layers to Networks: Comparing Neural Representations via Diffusion Geometry,https://arxiv.org/abs/2605.15901,,Atharva Khandait; Jan E. Gerken,,,,,,,,0,2026-05-18T00:00:00+00:00,2026-05-18T15:32:51.038419+00:00,{'paper_id': '2605.15901'}
arxiv,2605.15888,CHoE: Cross-Domain Heterogeneous Graph Prompt Learning via Structure-Conditioned Experts,https://arxiv.org/abs/2605.15888,,Peiyuan Li; Yongqi Huang; Jitao Zhao; Dongxiao He; Di Jin; Weixiong Zhang,,,,,,,,0,2026-05-18T00:00:00+00:00,2026-05-18T15:32:51.041636+00:00,{'paper_id': '2605.15888'}
arxiv,2605.15887,Practical Validity Conditions for Byzantine-Tolerant Federated Learning,https://arxiv.org/abs/2605.15887,,Mélanie Cambus; Darya Melnyk; Tijana Milentijević; Stefan Schmid,,,,,,,,0,2026-05-18T00:00:00+00:00,2026-05-18T15:32:51.045450+00:00,{'paper_id': '2605.15887'}
arxiv,2605.15877,Shapley Neuron Values for Continual Learning: Which Neurons Matter Most?,https://arxiv.org/abs/2605.15877,,Mohammad Ali Vahedifar; Abhisek Ray; Qi Zhang,,,,,,,,0,2026-05-18T00:00:00+00:00,2026-05-18T15:32:51.048624+00:00,{'paper_id': '2605.15877'}
arxiv,2605.15874,Ti-iLSTM: A TinyDL Approach for Logic-Level Anomaly Detection in Industrial Water Treatment Systems,https://arxiv.org/abs/2605.15874,,Mandar Joshi; Farzana Zahid; Judy Bowen; Matthew M.Y. Kuo; Valeriy Vyatkin; Emil Karlsson,,,,,,,,0,2026-05-18T00:00:00+00:00,2026-05-18T15:32:51.052382+00:00,{'paper_id': '2605.15874'}
arxiv,2605.15862,From Observed Viability to Internal Predictive Approximation: A Single-Subject Latent-Space Analysis of Gait Dynamics Under Occlusal Constraint,https://arxiv.org/abs/2605.15862,,Jacques Raynal; Pierre Slangen; Elsa Raynal; Jacques Margerit,,,,,,,,0,2026-05-18T00:00:00+00:00,2026-05-18T15:32:51.058884+00:00,{'paper_id': '2605.15862'}
arxiv,2605.15822,Intrinsic Wasserstein Rates for Score-Based Generative Models on Smooth Manifolds,https://arxiv.org/abs/2605.15822,,Guoji Fu; Taiji Suzuki; Wee Sun Lee; Atsushi Nitanda,,,,,,,,0,2026-05-18T00:00:00+00:00,2026-05-18T15:32:51.063725+00:00,{'paper_id': '2605.15822'}
arxiv,2605.15806,Martingale Neural Operators: Learning Stochastic Marginals via Doob-Meyer Factorization,https://arxiv.org/abs/2605.15806,,Kai Hidajat,,,,,,,,0,2026-05-18T00:00:00+00:00,2026-05-18T15:32:51.068005+00:00,{'paper_id': '2605.15806'}
arxiv,2605.15793,AOT-POT: Adaptive Operator Transformation for Large-Scale PDE Pre-training,https://arxiv.org/abs/2605.15793,,Qitan Lv; Hong Wang; Zhongkai Hao; Wen Wu; Xuenan Xu; Bowen Zhou; Feng Wu; Chao Zhang,,,,,,,,0,2026-05-18T00:00:00+00:00,2026-05-18T15:32:51.071720+00:00,{'paper_id': '2605.15793'}
arxiv,2605.15789,Learning Context-conditioned Gaussian Overbounds for Convolution-Based Uncertainty Propagation,https://arxiv.org/abs/2605.15789,,Ruirui Liu; Xuejie Hou; Yiping Jiang; Hui Ren,,,,,,,,0,2026-05-18T00:00:00+00:00,2026-05-18T15:32:51.076636+00:00,{'paper_id': '2605.15789'}
arxiv,2605.15787,Grokking as Structural Inference: Transformers Need Bayesian Lottery Tickets,https://arxiv.org/abs/2605.15787,,Kai Hidajat; Solden Stoll; Joseph An,,,,,,,,0,2026-05-18T00:00:00+00:00,2026-05-18T15:32:51.082601+00:00,{'paper_id': '2605.15787'}
arxiv,2605.15775,Continual Learning of Domain-Invariant Representations,https://arxiv.org/abs/2605.15775,,Pascal Janetzky; Tobias Schlagenhauf; Stefan Feuerriegel,,,,,,,,0,2026-05-18T00:00:00+00:00,2026-05-18T15:32:51.088202+00:00,{'paper_id': '2605.15775'}
arxiv,2605.15761,A Unified Perturbation Framework for Analyzing Leaderboard Stability and Manipulation,https://arxiv.org/abs/2605.15761,,Hosna Oyarhoseini; Jimmy Lin; Amir-Hossein Karimi,,,,,,,,0,2026-05-18T00:00:00+00:00,2026-05-18T15:32:51.093575+00:00,{'paper_id': '2605.15761'}
arxiv,2605.15723,GOMA: Toward Structure-Driven Multimodal Alignment from a Graph Signal Smoothing Perspective,https://arxiv.org/abs/2605.15723,,Xu Wang; Xunkai Li; Yinlin Zhu; Rong-Hua Li; Guoren Wang,,,,,,,,0,2026-05-18T00:00:00+00:00,2026-05-18T15:32:51.097810+00:00,{'paper_id': '2605.15723'}
arxiv,2605.15722,Bidirectional Fusion Guided by Cardiac Patterns for Semi-Supervised ECG Segmentation,https://arxiv.org/abs/2605.15722,,Jeonghwa Lim; Minje Park; Sunghoon Joo,,,,,,,,0,2026-05-18T00:00:00+00:00,2026-05-18T15:32:51.102433+00:00,{'paper_id': '2605.15722'}
arxiv,2605.15706,Differentiable Mixture-of-Agents Incentivizes Swarm Intelligence of Large Language Models,https://arxiv.org/abs/2605.15706,,Xingjian Wu; Junkai Lu; Siyu Yan; Xiangfei Qiu; Jilin Hu; Chenjuan Guo; Bin Yang,,,,,,,,0,2026-05-18T00:00:00+00:00,2026-05-18T15:32:51.106354+00:00,{'paper_id': '2605.15706'}
arxiv,2605.15700,"AGOP-IxG: A Gradient Covariance Filter for Local Feature Attribution on Tabular Data, with a Controlled Benchmark",https://arxiv.org/abs/2605.15700,,Raj Kiran Gupta Katakam,,,,,,,,0,2026-05-18T00:00:00+00:00,2026-05-18T15:32:51.111057+00:00,{'paper_id': '2605.15700'}
arxiv,2605.15694,Going Beyond the Edge: Distributed Inference of Transformer Models on Ultra-Low-Power Wireless Devices,https://arxiv.org/abs/2605.15694,,Alexander Gräfe; Ding Huo; Johannes Berger; Marco Zimmerling; Sebastian Trimpe,,,,,,,,0,2026-05-18T00:00:00+00:00,2026-05-18T15:32:51.116344+00:00,{'paper_id': '2605.15694'}
arxiv,2605.15692,Tighter Regret Bounds for Contextual Action-Set Reinforcement Learning,https://arxiv.org/abs/2605.15692,,Zijun Chen; Zihan Zhang,,,,,,,,0,2026-05-18T00:00:00+00:00,2026-05-18T15:32:51.121506+00:00,{'paper_id': '2605.15692'}
arxiv,2605.15691,SEED: Targeted Data Selection by Weighted Independent Set,https://arxiv.org/abs/2605.15691,,Yuan Zhang; Lifeng Guo; Junwen Pan; Chang Liu; Wenzhao Zheng; Kuan Cheng; Kurt Keutzer; Shanghang Zhang,,,,,,,,0,2026-05-18T00:00:00+00:00,2026-05-18T15:32:51.126608+00:00,{'paper_id': '2605.15691'}
arxiv,2605.16238,Prospective multi-pathogen disease forecasting using autonomous LLM-guided tree search,https://arxiv.org/abs/2605.16238,,Sarah Martinson; Michael P. Brenner; Martyna Plomecka; Brian P. Williams; Nicholas G. Reich; Zahra Shamsi,,,,,,,,0,2026-05-18T00:00:00+00:00,2026-05-18T15:32:55.127654+00:00,{'paper_id': '2605.16238'}
arxiv,2605.16233,FORGE: Self-Evolving Agent Memory With No Weight Updates via Population Broadcast,https://arxiv.org/abs/2605.16233,,Igor Bogdanov; Chung-Horng Lung; Thomas Kunz; Jie Gao; Adrian Taylor; Marzia Zaman,,,,,,,,0,2026-05-18T00:00:00+00:00,2026-05-18T15:32:55.132881+00:00,{'paper_id': '2605.16233'}
arxiv,2605.16215,Fully Open Meditron: An Auditable Pipeline for Clinical LLMs,https://arxiv.org/abs/2605.16215,,Xavier Theimer-Lienhard; Mushtaha El-Amin; Fay Elhassan; Sahaj Vaidya; Victor Cartier-Negadi; David Sasu; Lars Klein; Mary-Anne Hartley,,,,,,,,0,2026-05-18T00:00:00+00:00,2026-05-18T15:32:55.138259+00:00,{'paper_id': '2605.16215'}
arxiv,2605.16207,"Confirming Correct, Missing the Rest: LLM Tutoring Agents Struggle Where Feedback Matters Most",https://arxiv.org/abs/2605.16207,,Tahreem Yasir; Wenbo Li; Sam Gilson; Sutapa Dey Tithi; Xiaoyi Tian; Tiffany Barnes,,,,,,,,0,2026-05-18T00:00:00+00:00,2026-05-18T15:32:55.143055+00:00,{'paper_id': '2605.16207'}
arxiv,2605.16205,"Context, Reasoning, and Hierarchy: A Cost-Performance Study of Compound LLM Agent Design in an Adversarial POMDP",https://arxiv.org/abs/2605.16205,,Igor Bogdanov; Chung-Horng Lung; Thomas Kunz; Jie Gao; Adrian Taylor; Marzia Zaman,,,,,,,,0,2026-05-18T00:00:00+00:00,2026-05-18T15:32:55.147685+00:00,{'paper_id': '2605.16205'}
arxiv,2605.16198,"Formal Methods Meet LLMs: Auditing, Monitoring, and Intervention for Compliance of Advanced AI Systems",https://arxiv.org/abs/2605.16198,,Parand A. Alamdari; Toryn Q. Klassen; Sheila A. McIlraith,,,,,,,,0,2026-05-18T00:00:00+00:00,2026-05-18T15:32:55.152239+00:00,{'paper_id': '2605.16198'}
arxiv,2605.16153,An Algebraic Exposition of the Theory of Dyadic Morality,https://arxiv.org/abs/2605.16153,,Kush R. Varshney,,,,,,,,0,2026-05-18T00:00:00+00:00,2026-05-18T15:32:55.156460+00:00,{'paper_id': '2605.16153'}
arxiv,2605.16143,Look Before You Leap: Autonomous Exploration for LLM Agents,https://arxiv.org/abs/2605.16143,,Ziang Ye; Wentao Shi; Yuxin Liu; Yu Wang; Zhengzhou Cai; Yaorui Shi; Qi Gu; Xunliang Cai; Fuli Feng,,,,,,,,0,2026-05-18T00:00:00+00:00,2026-05-18T15:32:55.160117+00:00,{'paper_id': '2605.16143'}
arxiv,2605.16142,Property-Guided LLM Program Synthesis for Planning,https://arxiv.org/abs/2605.16142,,Augusto B. Corrêa; André G. Pereira; Jendrik Seipp,,,,,,,,0,2026-05-18T00:00:00+00:00,2026-05-18T15:32:55.163820+00:00,{'paper_id': '2605.16142'}
arxiv,2605.16116,ShopGym: An Integrated Framework for Realistic Simulation and Scalable Benchmarking of E-Commerce Web Agents,https://arxiv.org/abs/2605.16116,,Chinmay Savadikar; Mingyu Zhao; Yuanzheng Zhu; Han Li; Shuang Xie; Alberto Castelo; Tianfu Wu; Lingyun Wang,,,,,,,,0,2026-05-18T00:00:00+00:00,2026-05-18T15:32:55.168166+00:00,{'paper_id': '2605.16116'}
arxiv,2605.16103,Sign-Separated Finite-Time Error Analysis of Q-Learning,https://arxiv.org/abs/2605.16103,,Donghwan Lee,,,,,,,,0,2026-05-18T00:00:00+00:00,2026-05-18T15:32:55.172755+00:00,{'paper_id': '2605.16103'}
arxiv,2605.16052,Reasoners or Translators? Contamination-aware Evaluation and Neuro-Symbolic Robustness in Tax Law,https://arxiv.org/abs/2605.16052,,Parisa Kordjamshidi; Samer Aslan; Madhavan Seshadri; Leslie Barrett; Enrico Santus,,,,,,,,0,2026-05-18T00:00:00+00:00,2026-05-18T15:32:55.176935+00:00,{'paper_id': '2605.16052'}
arxiv,2605.16024,ScreenSearch: Uncertainty-Aware OS Exploration,https://arxiv.org/abs/2605.16024,,Michael Solodko; Justin Wagle,,,,,,,,0,2026-05-18T00:00:00+00:00,2026-05-18T15:32:55.181127+00:00,{'paper_id': '2605.16024'}
arxiv,2605.15983,Petri Net Induced Heuristic Search for Resource Constrained Scheduling,https://arxiv.org/abs/2605.15983,,Ido Lublin; Dor Atzmon; Izack Cohen,,,,,,,,0,2026-05-18T00:00:00+00:00,2026-05-18T15:32:55.185439+00:00,{'paper_id': '2605.15983'}
arxiv,2605.15975,Learning Bilevel Policies over Symbolic World Models for Long-Horizon Planning,https://arxiv.org/abs/2605.15975,,Dillon Z. Chen; Till Hofmann; Toryn Q. Klassen; Sheila A. McIlraith,,,,,,,,0,2026-05-18T00:00:00+00:00,2026-05-18T15:32:55.190141+00:00,{'paper_id': '2605.15975'}
arxiv,2605.15967,Deterministic Event-Graph Substrates as World Models for Counterfactual Reasoning,https://arxiv.org/abs/2605.15967,,Fabio Rovai,,,,,,,,0,2026-05-18T00:00:00+00:00,2026-05-18T15:32:55.193561+00:00,{'paper_id': '2605.15967'}
arxiv,2605.15963,PAGER: Bridging the Semantic-Execution Gap in Point-Precise Geometric GUI Control,https://arxiv.org/abs/2605.15963,,Jingxuan Wei; Xi Bai; Shan Liu; Caijun Jia; Zheng Sun; Xinglong Xu; Siyuan Li; Linzhuang Sun; Bihui Yu; Conghui He; Cheng Tan,,,,,,,,0,2026-05-18T00:00:00+00:00,2026-05-18T15:32:55.197357+00:00,{'paper_id': '2605.15963'}
arxiv,2605.15960,Imperfect World Models are Exploitable,https://arxiv.org/abs/2605.15960,,Logan Mondal Bhamidipaty; Esmeralda S. Whitammer; David Abel; Mykel J. Kochenderfer; Subramanian Ramamoorthy,,,,,,,,0,2026-05-18T00:00:00+00:00,2026-05-18T15:32:55.201059+00:00,{'paper_id': '2605.15960'}
arxiv,2605.15871,Agentic Discovery of Neural Architectures: AIRA-Compose and AIRA-Design,https://arxiv.org/abs/2605.15871,,Alberto Pepe; Chien-Yu Lin; Despoina Magka; Bilge Acun; Yannan Nellie Wu; Anton Protopopov; Carole-Jean Wu; Yoram Bachrach,,,,,,,,0,2026-05-18T00:00:00+00:00,2026-05-18T15:32:55.205303+00:00,{'paper_id': '2605.15871'}
arxiv,2605.15777,SaaS-Bench: Can Computer-Use Agents Leverage Real-World SaaS to Solve Professional Workflows?,https://arxiv.org/abs/2605.15777,,Kean Shi; Zihang Li; Tianyi Ma; Zengji Tu; Jialong Wu; Xinbo Xu; Qingyao Yang; Ruoyu Wu; Weichu Xie; Ming Wu; Jason Zeng; Michael Heinrich; Elvis Zhang; Liang Chen; Kuan Li; Baobao Chang,,,,,,,,0,2026-05-18T00:00:00+00:00,2026-05-18T15:32:55.209500+00:00,{'paper_id': '2605.15777'}
arxiv,2605.15768,ALSO: Adversarial Online Strategy Optimization for Social Agents,https://arxiv.org/abs/2605.15768,,Xiang Li; Liping Yi; Mingze Kong; Min Zhang; Zhongxiang Dai; QingHua Hu,,,,,,,,0,2026-05-18T00:00:00+00:00,2026-05-18T15:32:55.213463+00:00,{'paper_id': '2605.15768'}
arxiv,2605.15734,Can We Trust AI-Inferred User States. A Psychometric Framework for Validating the Reliability of Users States Classification by LLMs in Operational Environments,https://arxiv.org/abs/2605.15734,,Izabella Krzeminska; Michal Butkiewicz; Ewa Komkowska,,,,,,,,0,2026-05-18T00:00:00+00:00,2026-05-18T15:32:55.217171+00:00,{'paper_id': '2605.15734'}
arxiv,2605.15726,Nudging Beyond the Comfort Zone: Efficient Strategy-Guided Exploration for RLVR,https://arxiv.org/abs/2605.15726,,Chanuk Lee; Sangwoo Park; Minki Kang; Sung Ju Hwang,,,,,,,,0,2026-05-18T00:00:00+00:00,2026-05-18T15:32:55.220870+00:00,{'paper_id': '2605.15726'}
arxiv,2605.15665,PRISM: Prompt Reliability via Iterative Simulation and Monitoring for Enterprise Conversational AI,https://arxiv.org/abs/2605.15665,,Keshava Chaitanya; Jahnavi Gundakaram,,,,,,,,0,2026-05-18T00:00:00+00:00,2026-05-18T15:32:55.224039+00:00,{'paper_id': '2605.15665'}
arxiv,2605.15625,ColPackAgent: Agent-Skill-Guided Hard-Particle Monte Carlo Workflows for Colloidal Packing,https://arxiv.org/abs/2605.15625,,Lijie Ding; Changwoo Do,,,,,,,,0,2026-05-18T00:00:00+00:00,2026-05-18T15:32:55.227732+00:00,{'paper_id': '2605.15625'}
arxiv,2605.15611,TopoEvo: A Topology-Aware Self-Evolving Multi-Agent Framework for Root Cause Analysis in Microservices,https://arxiv.org/abs/2605.15611,,Junle Wang; Xingchuang Liao; Wenjun Wu,,,,,,,,0,2026-05-18T00:00:00+00:00,2026-05-18T15:32:55.231389+00:00,{'paper_id': '2605.15611'}
arxiv,2605.15585,See Before You Code: Learning Visual Priors for Spatially Aware Educational Animation Generation,https://arxiv.org/abs/2605.15585,,Yuejia Li; Ke He; Junheng Li; Shutong Chen; Jingkang Xia; Zhiyue Su; Junchi Zhang; Mang Ye,,,,,,,,0,2026-05-18T00:00:00+00:00,2026-05-18T15:32:55.235480+00:00,{'paper_id': '2605.15585'}
arxiv,2605.15581,STAR: A Stage-attributed Triage and Repair framework for RCA Agents in Microservices,https://arxiv.org/abs/2605.15581,,Junle Wang; Xingchuang Liao; Wenjun Wu,,,,,,,,0,2026-05-18T00:00:00+00:00,2026-05-18T15:32:55.239706+00:00,{'paper_id': '2605.15581'}
arxiv,2605.15567,Position: Artificial Intelligence Needs Meta Intelligence -- the Case for Metacognitive AI,https://arxiv.org/abs/2605.15567,,Sergei Chuprov; Richard D. Lange; Leon Reznik; Paulo Shakarian; Raman Zatsarenko; Dmitrii Korobeinikov,,,,,,,,0,2026-05-18T00:00:00+00:00,2026-05-18T15:32:55.245028+00:00,{'paper_id': '2605.15567'}
arxiv,2605.15542,DRS-GUI: Dynamic Region Search for Training-Free GUI Grounding,https://arxiv.org/abs/2605.15542,,Yichao Liu; Huawen Shen; Liu Yu; Shiyu Liu; Zeyu Chen; Yu Zhou,,,,,,,,0,2026-05-18T00:00:00+00:00,2026-05-18T15:32:55.249222+00:00,{'paper_id': '2605.15542'}
arxiv,2605.15537,RTL-BenchMT: Dynamic Maintenance of RTL Generation Benchmark Through Agent-Assisted Analysis and Revision,https://arxiv.org/abs/2605.15537,,Jing Wang; Shang Liu; Hangan Zhou; Zhiyao Xie,,,,,,,,0,2026-05-18T00:00:00+00:00,2026-05-18T15:32:55.252905+00:00,{'paper_id': '2605.15537'}
arxiv,2605.15513,CAPS: Cascaded Adaptive Pairwise Selection for Efficient Parallel Reasoning,https://arxiv.org/abs/2605.15513,,Fangzhou Lin; Shuo Xing; Peiran Li; Siyuan Yang; Qianwen Ge; Kazunori Yamada; Ziming Zhang; Haichong Zhang; Zhengzhong Tu,,,,,,,,0,2026-05-18T00:00:00+00:00,2026-05-18T15:32:55.257977+00:00,{'paper_id': '2605.15513'}
arxiv,2605.15505,X-SYNTH: Beyond Retrieval -- Enterprise Context Synthesis from Observed Human Attention,https://arxiv.org/abs/2605.15505,,Guruprasad Raghavan; George Nychis; Rohan Narayana Murthy,,,,,,,,0,2026-05-18T00:00:00+00:00,2026-05-18T15:32:55.262239+00:00,{'paper_id': '2605.15505'}
arxiv,2605.15445,From LLM-Generated Conjectures to Lean Formalizations: Automated Polynomial Inequality Proving via Sum-of-Squares Certificates,https://arxiv.org/abs/2605.15445,,Ruobing Zuo; Hanrui Zhao; Gaolei He; Zhengfeng Yang; Jianlin Wang,,,,,,,,0,2026-05-18T00:00:00+00:00,2026-05-18T15:32:55.266453+00:00,{'paper_id': '2605.15445'}
arxiv,2605.15400,Beyond Partner Diversity: An Influence-Based Team Steering Framework for Zero-Shot Human-Machine Teaming,https://arxiv.org/abs/2605.15400,,Wei Sheng; Rohan Paleja,,,,,,,,0,2026-05-18T00:00:00+00:00,2026-05-18T15:32:55.269680+00:00,{'paper_id': '2605.15400'}
arxiv,2605.15377,Ensemble Monitoring for AI Control: Diverse Signals Outweigh More Compute,https://arxiv.org/abs/2605.15377,,Eugene Koran; Yejun Yun; Samantha Tetef; Benjamin Arnav; Pablo Bernabeu-Pérez,,,,,,,,0,2026-05-18T00:00:00+00:00,2026-05-18T15:32:55.273796+00:00,{'paper_id': '2605.15377'}
arxiv,2605.15343,Belief Engine: Configurable and Inspectable Stance Dynamics in Multi-Agent LLM Deliberation,https://arxiv.org/abs/2605.15343,,Joshua C. Yang; Maurice Flechtner; Damian Dailisan; Michiel A. Bakker,,,,,,,,0,2026-05-18T00:00:00+00:00,2026-05-18T15:32:55.279693+00:00,{'paper_id': '2605.15343'}
arxiv,2605.15333,Zero-Shot Goal Recognition with Large Language Models,https://arxiv.org/abs/2605.15333,,Kin Max Piamolini Gusmão; Nathan Gavenski; Nir Oren; Felipe Meneguzzi,,,,,,,,0,2026-05-18T00:00:00+00:00,2026-05-18T15:32:55.284429+00:00,{'paper_id': '2605.15333'}
arxiv,2605.15315,Context Pruning for Coding Agents via Multi-Rubric Latent Reasoning,https://arxiv.org/abs/2605.15315,,Jingjing Wang; Xiwen Chen; Wenhui Zhu; Huayu Li; Zhengxiao He; Feiyang Cai; Ana S. Carreon-Rascon; Xuanzhao Dong; Feng Luo,,,,,,,,0,2026-05-18T00:00:00+00:00,2026-05-18T15:32:55.289625+00:00,{'paper_id': '2605.15315'}
arxiv,2605.15308,SMCEvolve: Principled Scientific Discovery via Sequential Monte Carlo Evolution,https://arxiv.org/abs/2605.15308,,Jiachen Jiang; Huminhao Zhu; Zhihui Zhu,,,,,,,,0,2026-05-18T00:00:00+00:00,2026-05-18T15:32:55.295427+00:00,{'paper_id': '2605.15308'}
arxiv,2605.15301,Solvita: Enhancing Large Language Models for Competitive Programming via Agentic Evolution,https://arxiv.org/abs/2605.15301,,Han Li; Jinyu Tian; Rili Feng; Yuqiao Du; Chong Zheng; Chenyu Wang; Chenchen Liu; Shihao Li; Xinping Lei; Yifan Yao; Weihao Xie; Letian Zhu; Jiaheng Liu,,,,,,,,0,2026-05-18T00:00:00+00:00,2026-05-18T15:32:55.299681+00:00,{'paper_id': '2605.15301'}
arxiv,2605.15228,Verifiable Agentic Infrastructure: Proof-Derived Authorization for Sovereign AI Systems,https://arxiv.org/abs/2605.15228,,Jun He; Deying Yu,,,,,,,,0,2026-05-18T00:00:00+00:00,2026-05-18T15:32:55.304429+00:00,{'paper_id': '2605.15228'}
arxiv,2605.15227,NIMO Controller: a self-driving laboratory orchestrator based on the Model Context Protocol,https://arxiv.org/abs/2605.15227,,Naruki Yoshikawa; Ryo Tamura,,,,,,,,0,2026-05-18T00:00:00+00:00,2026-05-18T15:32:55.308750+00:00,{'paper_id': '2605.15227'}
arxiv,2605.15224,ICRL: Learning to Internalize Self-Critique with Reinforcement Learning,https://arxiv.org/abs/2605.15224,,Jianbo Lin; Xiaomin Yu; Yi Xin; Yifu Guo; Zhuosong Jiang; Zhongqi Yue; Weishi Wang; Heqing Zou; Chengwei Qin; Hui Xiong,,,,,,,,0,2026-05-18T00:00:00+00:00,2026-05-18T15:32:55.313275+00:00,{'paper_id': '2605.15224'}
arxiv,2605.15219,NOVA: Fundamental Limits of Knowledge Discovery Through AI,https://arxiv.org/abs/2605.15219,,Salman Avestimehr; Ken Duffy; Muriel Médard,,,,,,,,0,2026-05-18T00:00:00+00:00,2026-05-18T15:32:55.317575+00:00,{'paper_id': '2605.15219'}
arxiv,2605.15218,CAX-Agent: A Lightweight Agent Harness for Reliable APDL Automation,https://arxiv.org/abs/2605.15218,,Chenying Lin; Yichen Hai; Yi He; Ran Wang; Haiyan Qiang; Liang Yu,,,,,,,,0,2026-05-18T00:00:00+00:00,2026-05-18T15:32:55.321309+00:00,{'paper_id': '2605.15218'}
arxiv,2605.15217,"Fair outputs, Biased Internals: Causal Potency and Asymmetry of Latent Bias in LLMs for High-Stakes Decisions",https://arxiv.org/abs/2605.15217,,Jagdish Tripathy; Marcus Buckmann,,,,,,,,0,2026-05-18T00:00:00+00:00,2026-05-18T15:32:55.324977+00:00,{'paper_id': '2605.15217'}
arxiv,2605.15215,SkillSmith: Compiling Agent Skills into Boundary-Guided Runtime Interfaces,https://arxiv.org/abs/2605.15215,,Duling Xu; Zheng Chen; Zaifeng Pan; Jiawei Guan; Dong Dong; Jialin Li; Bangzheng Pu,,,,,,,,0,2026-05-18T00:00:00+00:00,2026-05-18T15:32:55.329155+00:00,{'paper_id': '2605.15215'}
arxiv,2605.15205,Does Theory of Mind Improvement Really Benefit Human-AI Interactions? Empirical Findings from Interactive Evaluations,https://arxiv.org/abs/2605.15205,,Nanxu Gong; Zixin Chen; Haotian Li; Zishu Zhao; Jianxun Lian; Huamin Qu; Yanjie Fu; Xing Xie,,,,,,,,0,2026-05-18T00:00:00+00:00,2026-05-18T15:32:55.332825+00:00,{'paper_id': '2605.15205'}
arxiv,2605.15204,SDOF: Taming the Alignment Tax in Multi-Agent Orchestration with State-Constrained Dispatch,https://arxiv.org/abs/2605.15204,,Zhantao Wang,,,,,,,,0,2026-05-18T00:00:00+00:00,2026-05-18T15:32:55.336346+00:00,{'paper_id': '2605.15204'}
